feature,x_idx,t_idx,log_moneyness,T
iv_x00_t00,0,0,-0.22,0.08
iv_x01_t00,1,0,-0.20333333333333334,0.08
iv_x02_t00,2,0,-0.18666666666666668,0.08
iv_x03_t00,3,0,-0.16999999999999998,0.08
iv_x04_t00,4,0,-0.15333333333333332,0.08
iv_x05_t00,5,0,-0.13666666666666666,0.08
iv_x06_t00,6,0,-0.12,0.08
iv_x07_t00,7,0,-0.10333333333333333,0.08
iv_x08_t00,8,0,-0.08666666666666667,0.08
iv_x09_t00,9,0,-0.07,0.08
iv_x10_t00,10,0,-0.053333333333333344,0.08
iv_x11_t00,11,0,-0.03666666666666668,0.08
iv_x12_t00,12,0,-0.01999999999999999,0.08
iv_x13_t00,13,0,-0.003333333333333327,0.08
iv_x14_t00,14,0,0.013333333333333336,0.08
iv_x15_t00,15,0,0.03,0.08
iv_x16_t00,16,0,0.04666666666666666,0.08
iv_x17_t00,17,0,0.06333333333333332,0.08
iv_x18_t00,18,0,0.07999999999999999,0.08
iv_x19_t00,19,0,0.09666666666666665,0.08
iv_x20_t00,20,0,0.11333333333333331,0.08
iv_x21_t00,21,0,0.12999999999999998,0.08
iv_x22_t00,22,0,0.14666666666666664,0.08
iv_x23_t00,23,0,0.1633333333333333,0.08
iv_x24_t00,24,0,0.18,0.08
iv_x00_t01,0,1,-0.22,0.12842105263157894
iv_x01_t01,1,1,-0.20333333333333334,0.12842105263157894
iv_x02_t01,2,1,-0.18666666666666668,0.12842105263157894
iv_x03_t01,3,1,-0.16999999999999998,0.12842105263157894
iv_x04_t01,4,1,-0.15333333333333332,0.12842105263157894
iv_x05_t01,5,1,-0.13666666666666666,0.12842105263157894
iv_x06_t01,6,1,-0.12,0.12842105263157894
iv_x07_t01,7,1,-0.10333333333333333,0.12842105263157894
iv_x08_t01,8,1,-0.08666666666666667,0.12842105263157894
iv_x09_t01,9,1,-0.07,0.12842105263157894
iv_x10_t01,10,1,-0.053333333333333344,0.12842105263157894
iv_x11_t01,11,1,-0.03666666666666668,0.12842105263157894
iv_x12_t01,12,1,-0.01999999999999999,0.12842105263157894
iv_x13_t01,13,1,-0.003333333333333327,0.12842105263157894
iv_x14_t01,14,1,0.013333333333333336,0.12842105263157894
iv_x15_t01,15,1,0.03,0.12842105263157894
iv_x16_t01,16,1,0.04666666666666666,0.12842105263157894
iv_x17_t01,17,1,0.06333333333333332,0.12842105263157894
iv_x18_t01,18,1,0.07999999999999999,0.12842105263157894
iv_x19_t01,19,1,0.09666666666666665,0.12842105263157894
iv_x20_t01,20,1,0.11333333333333331,0.12842105263157894
iv_x21_t01,21,1,0.12999999999999998,0.12842105263157894
iv_x22_t01,22,1,0.14666666666666664,0.12842105263157894
iv_x23_t01,23,1,0.1633333333333333,0.12842105263157894
iv_x24_t01,24,1,0.18,0.12842105263157894
iv_x00_t02,0,2,-0.22,0.1768421052631579
iv_x01_t02,1,2,-0.20333333333333334,0.1768421052631579
iv_x02_t02,2,2,-0.18666666666666668,0.1768421052631579
iv_x03_t02,3,2,-0.16999999999999998,0.1768421052631579
iv_x04_t02,4,2,-0.15333333333333332,0.1768421052631579
iv_x05_t02,5,2,-0.13666666666666666,0.1768421052631579
iv_x06_t02,6,2,-0.12,0.1768421052631579
iv_x07_t02,7,2,-0.10333333333333333,0.1768421052631579
iv_x08_t02,8,2,-0.08666666666666667,0.1768421052631579
iv_x09_t02,9,2,-0.07,0.1768421052631579
iv_x10_t02,10,2,-0.053333333333333344,0.1768421052631579
iv_x11_t02,11,2,-0.03666666666666668,0.1768421052631579
iv_x12_t02,12,2,-0.01999999999999999,0.1768421052631579
iv_x13_t02,13,2,-0.003333333333333327,0.1768421052631579
iv_x14_t02,14,2,0.013333333333333336,0.1768421052631579
iv_x15_t02,15,2,0.03,0.1768421052631579
iv_x16_t02,16,2,0.04666666666666666,0.1768421052631579
iv_x17_t02,17,2,0.06333333333333332,0.1768421052631579
iv_x18_t02,18,2,0.07999999999999999,0.1768421052631579
iv_x19_t02,19,2,0.09666666666666665,0.1768421052631579
iv_x20_t02,20,2,0.11333333333333331,0.1768421052631579
iv_x21_t02,21,2,0.12999999999999998,0.1768421052631579
iv_x22_t02,22,2,0.14666666666666664,0.1768421052631579
iv_x23_t02,23,2,0.1633333333333333,0.1768421052631579
iv_x24_t02,24,2,0.18,0.1768421052631579
iv_x00_t03,0,3,-0.22,0.22526315789473683
iv_x01_t03,1,3,-0.20333333333333334,0.22526315789473683
iv_x02_t03,2,3,-0.18666666666666668,0.22526315789473683
iv_x03_t03,3,3,-0.16999999999999998,0.22526315789473683
iv_x04_t03,4,3,-0.15333333333333332,0.22526315789473683
iv_x05_t03,5,3,-0.13666666666666666,0.22526315789473683
iv_x06_t03,6,3,-0.12,0.22526315789473683
iv_x07_t03,7,3,-0.10333333333333333,0.22526315789473683
iv_x08_t03,8,3,-0.08666666666666667,0.22526315789473683
iv_x09_t03,9,3,-0.07,0.22526315789473683
iv_x10_t03,10,3,-0.053333333333333344,0.22526315789473683
iv_x11_t03,11,3,-0.03666666666666668,0.22526315789473683
iv_x12_t03,12,3,-0.01999999999999999,0.22526315789473683
iv_x13_t03,13,3,-0.003333333333333327,0.22526315789473683
iv_x14_t03,14,3,0.013333333333333336,0.22526315789473683
iv_x15_t03,15,3,0.03,0.22526315789473683
iv_x16_t03,16,3,0.04666666666666666,0.22526315789473683
iv_x17_t03,17,3,0.06333333333333332,0.22526315789473683
iv_x18_t03,18,3,0.07999999999999999,0.22526315789473683
iv_x19_t03,19,3,0.09666666666666665,0.22526315789473683
iv_x20_t03,20,3,0.11333333333333331,0.22526315789473683
iv_x21_t03,21,3,0.12999999999999998,0.22526315789473683
iv_x22_t03,22,3,0.14666666666666664,0.22526315789473683
iv_x23_t03,23,3,0.1633333333333333,0.22526315789473683
iv_x24_t03,24,3,0.18,0.22526315789473683
iv_x00_t04,0,4,-0.22,0.2736842105263158
iv_x01_t04,1,4,-0.20333333333333334,0.2736842105263158
iv_x02_t04,2,4,-0.18666666666666668,0.2736842105263158
iv_x03_t04,3,4,-0.16999999999999998,0.2736842105263158
iv_x04_t04,4,4,-0.15333333333333332,0.2736842105263158
iv_x05_t04,5,4,-0.13666666666666666,0.2736842105263158
iv_x06_t04,6,4,-0.12,0.2736842105263158
iv_x07_t04,7,4,-0.10333333333333333,0.2736842105263158
iv_x08_t04,8,4,-0.08666666666666667,0.2736842105263158
iv_x09_t04,9,4,-0.07,0.2736842105263158
iv_x10_t04,10,4,-0.053333333333333344,0.2736842105263158
iv_x11_t04,11,4,-0.03666666666666668,0.2736842105263158
iv_x12_t04,12,4,-0.01999999999999999,0.2736842105263158
iv_x13_t04,13,4,-0.003333333333333327,0.2736842105263158
iv_x14_t04,14,4,0.013333333333333336,0.2736842105263158
iv_x15_t04,15,4,0.03,0.2736842105263158
iv_x16_t04,16,4,0.04666666666666666,0.2736842105263158
iv_x17_t04,17,4,0.06333333333333332,0.2736842105263158
iv_x18_t04,18,4,0.07999999999999999,0.2736842105263158
iv_x19_t04,19,4,0.09666666666666665,0.2736842105263158
iv_x20_t04,20,4,0.11333333333333331,0.2736842105263158
iv_x21_t04,21,4,0.12999999999999998,0.2736842105263158
iv_x22_t04,22,4,0.14666666666666664,0.2736842105263158
iv_x23_t04,23,4,0.1633333333333333,0.2736842105263158
iv_x24_t04,24,4,0.18,0.2736842105263158
iv_x00_t05,0,5,-0.22,0.32210526315789473
iv_x01_t05,1,5,-0.20333333333333334,0.32210526315789473
iv_x02_t05,2,5,-0.18666666666666668,0.32210526315789473
iv_x03_t05,3,5,-0.16999999999999998,0.32210526315789473
iv_x04_t05,4,5,-0.15333333333333332,0.32210526315789473
iv_x05_t05,5,5,-0.13666666666666666,0.32210526315789473
iv_x06_t05,6,5,-0.12,0.32210526315789473
iv_x07_t05,7,5,-0.10333333333333333,0.32210526315789473
iv_x08_t05,8,5,-0.08666666666666667,0.32210526315789473
iv_x09_t05,9,5,-0.07,0.32210526315789473
iv_x10_t05,10,5,-0.053333333333333344,0.32210526315789473
iv_x11_t05,11,5,-0.03666666666666668,0.32210526315789473
iv_x12_t05,12,5,-0.01999999999999999,0.32210526315789473
iv_x13_t05,13,5,-0.003333333333333327,0.32210526315789473
iv_x14_t05,14,5,0.013333333333333336,0.32210526315789473
iv_x15_t05,15,5,0.03,0.32210526315789473
iv_x16_t05,16,5,0.04666666666666666,0.32210526315789473
iv_x17_t05,17,5,0.06333333333333332,0.32210526315789473
iv_x18_t05,18,5,0.07999999999999999,0.32210526315789473
iv_x19_t05,19,5,0.09666666666666665,0.32210526315789473
iv_x20_t05,20,5,0.11333333333333331,0.32210526315789473
iv_x21_t05,21,5,0.12999999999999998,0.32210526315789473
iv_x22_t05,22,5,0.14666666666666664,0.32210526315789473
iv_x23_t05,23,5,0.1633333333333333,0.32210526315789473
iv_x24_t05,24,5,0.18,0.32210526315789473
iv_x00_t06,0,6,-0.22,0.3705263157894737
iv_x01_t06,1,6,-0.20333333333333334,0.3705263157894737
iv_x02_t06,2,6,-0.18666666666666668,0.3705263157894737
iv_x03_t06,3,6,-0.16999999999999998,0.3705263157894737
iv_x04_t06,4,6,-0.15333333333333332,0.3705263157894737
iv_x05_t06,5,6,-0.13666666666666666,0.3705263157894737
iv_x06_t06,6,6,-0.12,0.3705263157894737
iv_x07_t06,7,6,-0.10333333333333333,0.3705263157894737
iv_x08_t06,8,6,-0.08666666666666667,0.3705263157894737
iv_x09_t06,9,6,-0.07,0.3705263157894737
iv_x10_t06,10,6,-0.053333333333333344,0.3705263157894737
iv_x11_t06,11,6,-0.03666666666666668,0.3705263157894737
iv_x12_t06,12,6,-0.01999999999999999,0.3705263157894737
iv_x13_t06,13,6,-0.003333333333333327,0.3705263157894737
iv_x14_t06,14,6,0.013333333333333336,0.3705263157894737
iv_x15_t06,15,6,0.03,0.3705263157894737
iv_x16_t06,16,6,0.04666666666666666,0.3705263157894737
iv_x17_t06,17,6,0.06333333333333332,0.3705263157894737
iv_x18_t06,18,6,0.07999999999999999,0.3705263157894737
iv_x19_t06,19,6,0.09666666666666665,0.3705263157894737
iv_x20_t06,20,6,0.11333333333333331,0.3705263157894737
iv_x21_t06,21,6,0.12999999999999998,0.3705263157894737
iv_x22_t06,22,6,0.14666666666666664,0.3705263157894737
iv_x23_t06,23,6,0.1633333333333333,0.3705263157894737
iv_x24_t06,24,6,0.18,0.3705263157894737
iv_x00_t07,0,7,-0.22,0.4189473684210527
iv_x01_t07,1,7,-0.20333333333333334,0.4189473684210527
iv_x02_t07,2,7,-0.18666666666666668,0.4189473684210527
iv_x03_t07,3,7,-0.16999999999999998,0.4189473684210527
iv_x04_t07,4,7,-0.15333333333333332,0.4189473684210527
iv_x05_t07,5,7,-0.13666666666666666,0.4189473684210527
iv_x06_t07,6,7,-0.12,0.4189473684210527
iv_x07_t07,7,7,-0.10333333333333333,0.4189473684210527
iv_x08_t07,8,7,-0.08666666666666667,0.4189473684210527
iv_x09_t07,9,7,-0.07,0.4189473684210527
iv_x10_t07,10,7,-0.053333333333333344,0.4189473684210527
iv_x11_t07,11,7,-0.03666666666666668,0.4189473684210527
iv_x12_t07,12,7,-0.01999999999999999,0.4189473684210527
iv_x13_t07,13,7,-0.003333333333333327,0.4189473684210527
iv_x14_t07,14,7,0.013333333333333336,0.4189473684210527
iv_x15_t07,15,7,0.03,0.4189473684210527
iv_x16_t07,16,7,0.04666666666666666,0.4189473684210527
iv_x17_t07,17,7,0.06333333333333332,0.4189473684210527
iv_x18_t07,18,7,0.07999999999999999,0.4189473684210527
iv_x19_t07,19,7,0.09666666666666665,0.4189473684210527
iv_x20_t07,20,7,0.11333333333333331,0.4189473684210527
iv_x21_t07,21,7,0.12999999999999998,0.4189473684210527
iv_x22_t07,22,7,0.14666666666666664,0.4189473684210527
iv_x23_t07,23,7,0.1633333333333333,0.4189473684210527
iv_x24_t07,24,7,0.18,0.4189473684210527
iv_x00_t08,0,8,-0.22,0.4673684210526316
iv_x01_t08,1,8,-0.20333333333333334,0.4673684210526316
iv_x02_t08,2,8,-0.18666666666666668,0.4673684210526316
iv_x03_t08,3,8,-0.16999999999999998,0.4673684210526316
iv_x04_t08,4,8,-0.15333333333333332,0.4673684210526316
iv_x05_t08,5,8,-0.13666666666666666,0.4673684210526316
iv_x06_t08,6,8,-0.12,0.4673684210526316
iv_x07_t08,7,8,-0.10333333333333333,0.4673684210526316
iv_x08_t08,8,8,-0.08666666666666667,0.4673684210526316
iv_x09_t08,9,8,-0.07,0.4673684210526316
iv_x10_t08,10,8,-0.053333333333333344,0.4673684210526316
iv_x11_t08,11,8,-0.03666666666666668,0.4673684210526316
iv_x12_t08,12,8,-0.01999999999999999,0.4673684210526316
iv_x13_t08,13,8,-0.003333333333333327,0.4673684210526316
iv_x14_t08,14,8,0.013333333333333336,0.4673684210526316
iv_x15_t08,15,8,0.03,0.4673684210526316
iv_x16_t08,16,8,0.04666666666666666,0.4673684210526316
iv_x17_t08,17,8,0.06333333333333332,0.4673684210526316
iv_x18_t08,18,8,0.07999999999999999,0.4673684210526316
iv_x19_t08,19,8,0.09666666666666665,0.4673684210526316
iv_x20_t08,20,8,0.11333333333333331,0.4673684210526316
iv_x21_t08,21,8,0.12999999999999998,0.4673684210526316
iv_x22_t08,22,8,0.14666666666666664,0.4673684210526316
iv_x23_t08,23,8,0.1633333333333333,0.4673684210526316
iv_x24_t08,24,8,0.18,0.4673684210526316
iv_x00_t09,0,9,-0.22,0.5157894736842105
iv_x01_t09,1,9,-0.20333333333333334,0.5157894736842105
iv_x02_t09,2,9,-0.18666666666666668,0.5157894736842105
iv_x03_t09,3,9,-0.16999999999999998,0.5157894736842105
iv_x04_t09,4,9,-0.15333333333333332,0.5157894736842105
iv_x05_t09,5,9,-0.13666666666666666,0.5157894736842105
iv_x06_t09,6,9,-0.12,0.5157894736842105
iv_x07_t09,7,9,-0.10333333333333333,0.5157894736842105
iv_x08_t09,8,9,-0.08666666666666667,0.5157894736842105
iv_x09_t09,9,9,-0.07,0.5157894736842105
iv_x10_t09,10,9,-0.053333333333333344,0.5157894736842105
iv_x11_t09,11,9,-0.03666666666666668,0.5157894736842105
iv_x12_t09,12,9,-0.01999999999999999,0.5157894736842105
iv_x13_t09,13,9,-0.003333333333333327,0.5157894736842105
iv_x14_t09,14,9,0.013333333333333336,0.5157894736842105
iv_x15_t09,15,9,0.03,0.5157894736842105
iv_x16_t09,16,9,0.04666666666666666,0.5157894736842105
iv_x17_t09,17,9,0.06333333333333332,0.5157894736842105
iv_x18_t09,18,9,0.07999999999999999,0.5157894736842105
iv_x19_t09,19,9,0.09666666666666665,0.5157894736842105
iv_x20_t09,20,9,0.11333333333333331,0.5157894736842105
iv_x21_t09,21,9,0.12999999999999998,0.5157894736842105
iv_x22_t09,22,9,0.14666666666666664,0.5157894736842105
iv_x23_t09,23,9,0.1633333333333333,0.5157894736842105
iv_x24_t09,24,9,0.18,0.5157894736842105
iv_x00_t10,0,10,-0.22,0.5642105263157895
iv_x01_t10,1,10,-0.20333333333333334,0.5642105263157895
iv_x02_t10,2,10,-0.18666666666666668,0.5642105263157895
iv_x03_t10,3,10,-0.16999999999999998,0.5642105263157895
iv_x04_t10,4,10,-0.15333333333333332,0.5642105263157895
iv_x05_t10,5,10,-0.13666666666666666,0.5642105263157895
iv_x06_t10,6,10,-0.12,0.5642105263157895
iv_x07_t10,7,10,-0.10333333333333333,0.5642105263157895
iv_x08_t10,8,10,-0.08666666666666667,0.5642105263157895
iv_x09_t10,9,10,-0.07,0.5642105263157895
iv_x10_t10,10,10,-0.053333333333333344,0.5642105263157895
iv_x11_t10,11,10,-0.03666666666666668,0.5642105263157895
iv_x12_t10,12,10,-0.01999999999999999,0.5642105263157895
iv_x13_t10,13,10,-0.003333333333333327,0.5642105263157895
iv_x14_t10,14,10,0.013333333333333336,0.5642105263157895
iv_x15_t10,15,10,0.03,0.5642105263157895
iv_x16_t10,16,10,0.04666666666666666,0.5642105263157895
iv_x17_t10,17,10,0.06333333333333332,0.5642105263157895
iv_x18_t10,18,10,0.07999999999999999,0.5642105263157895
iv_x19_t10,19,10,0.09666666666666665,0.5642105263157895
iv_x20_t10,20,10,0.11333333333333331,0.5642105263157895
iv_x21_t10,21,10,0.12999999999999998,0.5642105263157895
iv_x22_t10,22,10,0.14666666666666664,0.5642105263157895
iv_x23_t10,23,10,0.1633333333333333,0.5642105263157895
iv_x24_t10,24,10,0.18,0.5642105263157895
iv_x00_t11,0,11,-0.22,0.6126315789473684
iv_x01_t11,1,11,-0.20333333333333334,0.6126315789473684
iv_x02_t11,2,11,-0.18666666666666668,0.6126315789473684
iv_x03_t11,3,11,-0.16999999999999998,0.6126315789473684
iv_x04_t11,4,11,-0.15333333333333332,0.6126315789473684
iv_x05_t11,5,11,-0.13666666666666666,0.6126315789473684
iv_x06_t11,6,11,-0.12,0.6126315789473684
iv_x07_t11,7,11,-0.10333333333333333,0.6126315789473684
iv_x08_t11,8,11,-0.08666666666666667,0.6126315789473684
iv_x09_t11,9,11,-0.07,0.6126315789473684
iv_x10_t11,10,11,-0.053333333333333344,0.6126315789473684
iv_x11_t11,11,11,-0.03666666666666668,0.6126315789473684
iv_x12_t11,12,11,-0.01999999999999999,0.6126315789473684
iv_x13_t11,13,11,-0.003333333333333327,0.6126315789473684
iv_x14_t11,14,11,0.013333333333333336,0.6126315789473684
iv_x15_t11,15,11,0.03,0.6126315789473684
iv_x16_t11,16,11,0.04666666666666666,0.6126315789473684
iv_x17_t11,17,11,0.06333333333333332,0.6126315789473684
iv_x18_t11,18,11,0.07999999999999999,0.6126315789473684
iv_x19_t11,19,11,0.09666666666666665,0.6126315789473684
iv_x20_t11,20,11,0.11333333333333331,0.6126315789473684
iv_x21_t11,21,11,0.12999999999999998,0.6126315789473684
iv_x22_t11,22,11,0.14666666666666664,0.6126315789473684
iv_x23_t11,23,11,0.1633333333333333,0.6126315789473684
iv_x24_t11,24,11,0.18,0.6126315789473684
iv_x00_t12,0,12,-0.22,0.6610526315789473
iv_x01_t12,1,12,-0.20333333333333334,0.6610526315789473
iv_x02_t12,2,12,-0.18666666666666668,0.6610526315789473
iv_x03_t12,3,12,-0.16999999999999998,0.6610526315789473
iv_x04_t12,4,12,-0.15333333333333332,0.6610526315789473
iv_x05_t12,5,12,-0.13666666666666666,0.6610526315789473
iv_x06_t12,6,12,-0.12,0.6610526315789473
iv_x07_t12,7,12,-0.10333333333333333,0.6610526315789473
iv_x08_t12,8,12,-0.08666666666666667,0.6610526315789473
iv_x09_t12,9,12,-0.07,0.6610526315789473
iv_x10_t12,10,12,-0.053333333333333344,0.6610526315789473
iv_x11_t12,11,12,-0.03666666666666668,0.6610526315789473
iv_x12_t12,12,12,-0.01999999999999999,0.6610526315789473
iv_x13_t12,13,12,-0.003333333333333327,0.6610526315789473
iv_x14_t12,14,12,0.013333333333333336,0.6610526315789473
iv_x15_t12,15,12,0.03,0.6610526315789473
iv_x16_t12,16,12,0.04666666666666666,0.6610526315789473
iv_x17_t12,17,12,0.06333333333333332,0.6610526315789473
iv_x18_t12,18,12,0.07999999999999999,0.6610526315789473
iv_x19_t12,19,12,0.09666666666666665,0.6610526315789473
iv_x20_t12,20,12,0.11333333333333331,0.6610526315789473
iv_x21_t12,21,12,0.12999999999999998,0.6610526315789473
iv_x22_t12,22,12,0.14666666666666664,0.6610526315789473
iv_x23_t12,23,12,0.1633333333333333,0.6610526315789473
iv_x24_t12,24,12,0.18,0.6610526315789473
iv_x00_t13,0,13,-0.22,0.7094736842105263
iv_x01_t13,1,13,-0.20333333333333334,0.7094736842105263
iv_x02_t13,2,13,-0.18666666666666668,0.7094736842105263
iv_x03_t13,3,13,-0.16999999999999998,0.7094736842105263
iv_x04_t13,4,13,-0.15333333333333332,0.7094736842105263
iv_x05_t13,5,13,-0.13666666666666666,0.7094736842105263
iv_x06_t13,6,13,-0.12,0.7094736842105263
iv_x07_t13,7,13,-0.10333333333333333,0.7094736842105263
iv_x08_t13,8,13,-0.08666666666666667,0.7094736842105263
iv_x09_t13,9,13,-0.07,0.7094736842105263
iv_x10_t13,10,13,-0.053333333333333344,0.7094736842105263
iv_x11_t13,11,13,-0.03666666666666668,0.7094736842105263
iv_x12_t13,12,13,-0.01999999999999999,0.7094736842105263
iv_x13_t13,13,13,-0.003333333333333327,0.7094736842105263
iv_x14_t13,14,13,0.013333333333333336,0.7094736842105263
iv_x15_t13,15,13,0.03,0.7094736842105263
iv_x16_t13,16,13,0.04666666666666666,0.7094736842105263
iv_x17_t13,17,13,0.06333333333333332,0.7094736842105263
iv_x18_t13,18,13,0.07999999999999999,0.7094736842105263
iv_x19_t13,19,13,0.09666666666666665,0.7094736842105263
iv_x20_t13,20,13,0.11333333333333331,0.7094736842105263
iv_x21_t13,21,13,0.12999999999999998,0.7094736842105263
iv_x22_t13,22,13,0.14666666666666664,0.7094736842105263
iv_x23_t13,23,13,0.1633333333333333,0.7094736842105263
iv_x24_t13,24,13,0.18,0.7094736842105263
iv_x00_t14,0,14,-0.22,0.7578947368421053
iv_x01_t14,1,14,-0.20333333333333334,0.7578947368421053
iv_x02_t14,2,14,-0.18666666666666668,0.7578947368421053
iv_x03_t14,3,14,-0.16999999999999998,0.7578947368421053
iv_x04_t14,4,14,-0.15333333333333332,0.7578947368421053
iv_x05_t14,5,14,-0.13666666666666666,0.7578947368421053
iv_x06_t14,6,14,-0.12,0.7578947368421053
iv_x07_t14,7,14,-0.10333333333333333,0.7578947368421053
iv_x08_t14,8,14,-0.08666666666666667,0.7578947368421053
iv_x09_t14,9,14,-0.07,0.7578947368421053
iv_x10_t14,10,14,-0.053333333333333344,0.7578947368421053
iv_x11_t14,11,14,-0.03666666666666668,0.7578947368421053
iv_x12_t14,12,14,-0.01999999999999999,0.7578947368421053
iv_x13_t14,13,14,-0.003333333333333327,0.7578947368421053
iv_x14_t14,14,14,0.013333333333333336,0.7578947368421053
iv_x15_t14,15,14,0.03,0.7578947368421053
iv_x16_t14,16,14,0.04666666666666666,0.7578947368421053
iv_x17_t14,17,14,0.06333333333333332,0.7578947368421053
iv_x18_t14,18,14,0.07999999999999999,0.7578947368421053
iv_x19_t14,19,14,0.09666666666666665,0.7578947368421053
iv_x20_t14,20,14,0.11333333333333331,0.7578947368421053
iv_x21_t14,21,14,0.12999999999999998,0.7578947368421053
iv_x22_t14,22,14,0.14666666666666664,0.7578947368421053
iv_x23_t14,23,14,0.1633333333333333,0.7578947368421053
iv_x24_t14,24,14,0.18,0.7578947368421053
iv_x00_t15,0,15,-0.22,0.8063157894736842
iv_x01_t15,1,15,-0.20333333333333334,0.8063157894736842
iv_x02_t15,2,15,-0.18666666666666668,0.8063157894736842
iv_x03_t15,3,15,-0.16999999999999998,0.8063157894736842
iv_x04_t15,4,15,-0.15333333333333332,0.8063157894736842
iv_x05_t15,5,15,-0.13666666666666666,0.8063157894736842
iv_x06_t15,6,15,-0.12,0.8063157894736842
iv_x07_t15,7,15,-0.10333333333333333,0.8063157894736842
iv_x08_t15,8,15,-0.08666666666666667,0.8063157894736842
iv_x09_t15,9,15,-0.07,0.8063157894736842
iv_x10_t15,10,15,-0.053333333333333344,0.8063157894736842
iv_x11_t15,11,15,-0.03666666666666668,0.8063157894736842
iv_x12_t15,12,15,-0.01999999999999999,0.8063157894736842
iv_x13_t15,13,15,-0.003333333333333327,0.8063157894736842
iv_x14_t15,14,15,0.013333333333333336,0.8063157894736842
iv_x15_t15,15,15,0.03,0.8063157894736842
iv_x16_t15,16,15,0.04666666666666666,0.8063157894736842
iv_x17_t15,17,15,0.06333333333333332,0.8063157894736842
iv_x18_t15,18,15,0.07999999999999999,0.8063157894736842
iv_x19_t15,19,15,0.09666666666666665,0.8063157894736842
iv_x20_t15,20,15,0.11333333333333331,0.8063157894736842
iv_x21_t15,21,15,0.12999999999999998,0.8063157894736842
iv_x22_t15,22,15,0.14666666666666664,0.8063157894736842
iv_x23_t15,23,15,0.1633333333333333,0.8063157894736842
iv_x24_t15,24,15,0.18,0.8063157894736842
iv_x00_t16,0,16,-0.22,0.8547368421052631
iv_x01_t16,1,16,-0.20333333333333334,0.8547368421052631
iv_x02_t16,2,16,-0.18666666666666668,0.8547368421052631
iv_x03_t16,3,16,-0.16999999999999998,0.8547368421052631
iv_x04_t16,4,16,-0.15333333333333332,0.8547368421052631
iv_x05_t16,5,16,-0.13666666666666666,0.8547368421052631
iv_x06_t16,6,16,-0.12,0.8547368421052631
iv_x07_t16,7,16,-0.10333333333333333,0.8547368421052631
iv_x08_t16,8,16,-0.08666666666666667,0.8547368421052631
iv_x09_t16,9,16,-0.07,0.8547368421052631
iv_x10_t16,10,16,-0.053333333333333344,0.8547368421052631
iv_x11_t16,11,16,-0.03666666666666668,0.8547368421052631
iv_x12_t16,12,16,-0.01999999999999999,0.8547368421052631
iv_x13_t16,13,16,-0.003333333333333327,0.8547368421052631
iv_x14_t16,14,16,0.013333333333333336,0.8547368421052631
iv_x15_t16,15,16,0.03,0.8547368421052631
iv_x16_t16,16,16,0.04666666666666666,0.8547368421052631
iv_x17_t16,17,16,0.06333333333333332,0.8547368421052631
iv_x18_t16,18,16,0.07999999999999999,0.8547368421052631
iv_x19_t16,19,16,0.09666666666666665,0.8547368421052631
iv_x20_t16,20,16,0.11333333333333331,0.8547368421052631
iv_x21_t16,21,16,0.12999999999999998,0.8547368421052631
iv_x22_t16,22,16,0.14666666666666664,0.8547368421052631
iv_x23_t16,23,16,0.1633333333333333,0.8547368421052631
iv_x24_t16,24,16,0.18,0.8547368421052631
iv_x00_t17,0,17,-0.22,0.903157894736842
iv_x01_t17,1,17,-0.20333333333333334,0.903157894736842
iv_x02_t17,2,17,-0.18666666666666668,0.903157894736842
iv_x03_t17,3,17,-0.16999999999999998,0.903157894736842
iv_x04_t17,4,17,-0.15333333333333332,0.903157894736842
iv_x05_t17,5,17,-0.13666666666666666,0.903157894736842
iv_x06_t17,6,17,-0.12,0.903157894736842
iv_x07_t17,7,17,-0.10333333333333333,0.903157894736842
iv_x08_t17,8,17,-0.08666666666666667,0.903157894736842
iv_x09_t17,9,17,-0.07,0.903157894736842
iv_x10_t17,10,17,-0.053333333333333344,0.903157894736842
iv_x11_t17,11,17,-0.03666666666666668,0.903157894736842
iv_x12_t17,12,17,-0.01999999999999999,0.903157894736842
iv_x13_t17,13,17,-0.003333333333333327,0.903157894736842
iv_x14_t17,14,17,0.013333333333333336,0.903157894736842
iv_x15_t17,15,17,0.03,0.903157894736842
iv_x16_t17,16,17,0.04666666666666666,0.903157894736842
iv_x17_t17,17,17,0.06333333333333332,0.903157894736842
iv_x18_t17,18,17,0.07999999999999999,0.903157894736842
iv_x19_t17,19,17,0.09666666666666665,0.903157894736842
iv_x20_t17,20,17,0.11333333333333331,0.903157894736842
iv_x21_t17,21,17,0.12999999999999998,0.903157894736842
iv_x22_t17,22,17,0.14666666666666664,0.903157894736842
iv_x23_t17,23,17,0.1633333333333333,0.903157894736842
iv_x24_t17,24,17,0.18,0.903157894736842
iv_x00_t18,0,18,-0.22,0.951578947368421
iv_x01_t18,1,18,-0.20333333333333334,0.951578947368421
iv_x02_t18,2,18,-0.18666666666666668,0.951578947368421
iv_x03_t18,3,18,-0.16999999999999998,0.951578947368421
iv_x04_t18,4,18,-0.15333333333333332,0.951578947368421
iv_x05_t18,5,18,-0.13666666666666666,0.951578947368421
iv_x06_t18,6,18,-0.12,0.951578947368421
iv_x07_t18,7,18,-0.10333333333333333,0.951578947368421
iv_x08_t18,8,18,-0.08666666666666667,0.951578947368421
iv_x09_t18,9,18,-0.07,0.951578947368421
iv_x10_t18,10,18,-0.053333333333333344,0.951578947368421
iv_x11_t18,11,18,-0.03666666666666668,0.951578947368421
iv_x12_t18,12,18,-0.01999999999999999,0.951578947368421
iv_x13_t18,13,18,-0.003333333333333327,0.951578947368421
iv_x14_t18,14,18,0.013333333333333336,0.951578947368421
iv_x15_t18,15,18,0.03,0.951578947368421
iv_x16_t18,16,18,0.04666666666666666,0.951578947368421
iv_x17_t18,17,18,0.06333333333333332,0.951578947368421
iv_x18_t18,18,18,0.07999999999999999,0.951578947368421
iv_x19_t18,19,18,0.09666666666666665,0.951578947368421
iv_x20_t18,20,18,0.11333333333333331,0.951578947368421
iv_x21_t18,21,18,0.12999999999999998,0.951578947368421
iv_x22_t18,22,18,0.14666666666666664,0.951578947368421
iv_x23_t18,23,18,0.1633333333333333,0.951578947368421
iv_x24_t18,24,18,0.18,0.951578947368421
iv_x00_t19,0,19,-0.22,1.0
iv_x01_t19,1,19,-0.20333333333333334,1.0
iv_x02_t19,2,19,-0.18666666666666668,1.0
iv_x03_t19,3,19,-0.16999999999999998,1.0
iv_x04_t19,4,19,-0.15333333333333332,1.0
iv_x05_t19,5,19,-0.13666666666666666,1.0
iv_x06_t19,6,19,-0.12,1.0
iv_x07_t19,7,19,-0.10333333333333333,1.0
iv_x08_t19,8,19,-0.08666666666666667,1.0
iv_x09_t19,9,19,-0.07,1.0
iv_x10_t19,10,19,-0.053333333333333344,1.0
iv_x11_t19,11,19,-0.03666666666666668,1.0
iv_x12_t19,12,19,-0.01999999999999999,1.0
iv_x13_t19,13,19,-0.003333333333333327,1.0
iv_x14_t19,14,19,0.013333333333333336,1.0
iv_x15_t19,15,19,0.03,1.0
iv_x16_t19,16,19,0.04666666666666666,1.0
iv_x17_t19,17,19,0.06333333333333332,1.0
iv_x18_t19,18,19,0.07999999999999999,1.0
iv_x19_t19,19,19,0.09666666666666665,1.0
iv_x20_t19,20,19,0.11333333333333331,1.0
iv_x21_t19,21,19,0.12999999999999998,1.0
iv_x22_t19,22,19,0.14666666666666664,1.0
iv_x23_t19,23,19,0.1633333333333333,1.0
iv_x24_t19,24,19,0.18,1.0
