model,exposure,n_days,mean,median,std,p05,p25,p75,p95,mean_absolute
arima,NetDelta,408,-0.0067584490530445,-0.0034446140925893,0.0895754336760046,-0.1594499099381668,-0.0616138456982922,0.0486045033573447,0.1307558277424244,0.0693344574615763
arima,NetGamma,408,-1.291262035177889e-05,-1.8298958273622437e-05,9.873317975571549e-05,-0.0001690771964749,-7.765013906085687e-05,5.775221764368149e-05,0.0001473530509227,8.046972057207986e-05
arima,NetVega,408,-63.98362955640568,-75.3815725615062,222.640284983681,-396.97001435742,-238.65199868531556,106.0700862082034,293.64323567171306,191.57285499963305
arima,NetTheta,408,9.30185093188156,9.370077306761669,35.0059664308276,-48.1565687068666,-15.873542783852944,35.036507881217986,66.49326177727123,29.2670689708402
arima,GrossAbsDelta,408,0.2468908738401297,0.2447439208023387,0.06649073712856,0.1461085205255493,0.2020432635348485,0.2870559709390826,0.3616234586915254,0.2468908738401297
arima,GrossAbsGamma,408,0.0005119588007645,0.0005119409654809,9.448818118057108e-05,0.0003735223770344,0.0004415990706858,0.0005718276480885,0.0006649117394446,0.0005119588007645
arima,GrossAbsVega,408,819.262753190952,809.1517526036898,239.89104788616976,452.8593996330544,637.580909297227,980.1157181265932,1259.6839292081354,819.262753190952
arima,GrossAbsTheta,408,151.82964175778147,147.58729956238668,33.639111443071954,104.29408257002254,129.12838229395464,171.28383762810412,208.3447431607069,151.82964175778147
arima,LongVega,408,377.6395618172732,361.4261090308511,162.00303123269293,140.3051403099492,255.1701385538072,479.2118876808614,668.1625980610415,377.6395618172732
arima,ShortVegaMagnitude,408,441.6231913736788,422.3944527861706,165.2671278512117,187.97391556995044,316.1389156301894,558.516579318658,726.715325451608,441.6231913736788
arima,VegaImbalance,408,-0.0842971578191554,-0.0920954585911387,0.2815954504722889,-0.5509031590207538,-0.3019454903934119,0.1181456090087953,0.3705793045119432,0.2426721215619726
arima,NetDelta_per_gross_premium,408,-5.02892910504294e-05,-3.6328348914203406e-05,0.0008750380680595,-0.0015703144283505,-0.0006386298289666,0.0004637164710484,0.0014832385682591,0.000686176987272
arima,NetGamma_per_gross_premium,408,-1.2838311263981232e-07,-1.8168424351482118e-07,1.167126975913038e-06,-1.9187898044480567e-06,-7.04162411400781e-07,4.991008762746691e-07,1.930542100115609e-06,8.613845419834203e-07
arima,NetVega_per_gross_premium,408,-0.6483084398593594,-0.6128747587636169,2.4797618934769754,-4.710115152369548,-2.161341400512316,0.9884435459980012,3.1812611647882503,1.9902048518930584
arima,NetTheta_per_gross_premium,408,0.099413646517229,0.0749756583681692,0.4329117462148429,-0.5422793429895871,-0.1296658101725183,0.3306997027912362,0.814351456776017,0.3258915800767917
arima,GrossAbsDelta_per_gross_premium,408,0.0024044378121586,0.0023092908213339,0.0006071453939457,0.0016415529529008,0.0020073820023521,0.0027153026493307,0.0033842838427517,0.0024044378121586
arima,GrossAbsGamma_per_gross_premium,408,5.585236086658575e-06,4.878666421147986e-06,3.091621957628476e-06,2.327987484783684e-06,3.503736024864992e-06,6.658009142439638e-06,1.1108740069765818e-05,5.585236086658575e-06
arima,GrossAbsVega_per_gross_premium,408,8.17541153004036,7.933896094619056,2.749725634039208,4.111526732303442,6.184277888901929,9.985242040581223,12.84991894928656,8.17541153004036
arima,GrossAbsTheta_per_gross_premium,408,1.5982840455842755,1.4188027938716297,0.780039607251829,0.794793347966976,1.097120097987604,1.897428908746416,2.975091370641375,1.5982840455842755
arima,LongVega_per_gross_premium,408,3.763551545090501,3.4844989186482778,1.8274986644034323,1.397141718448755,2.468609851268868,4.5531595179528885,7.276651494207221,3.763551545090501
arima,ShortVegaMagnitude_per_gross_premium,408,4.41185998494986,4.107398693497716,1.874927648476092,1.7690540712144167,3.131834974118169,5.58240928793672,7.785496425519286,4.41185998494986
ridge,NetDelta,408,0.005535103213489,0.0151738066077459,0.1042159303394795,-0.1763983283023269,-0.0587362092720477,0.0781454366729245,0.1631760629145074,0.0846541424128726
ridge,NetGamma,408,-3.012667360124e-05,-2.345706510921972e-05,9.226290760426122e-05,-0.0001903737445221,-8.641809487481124e-05,3.801581481842654e-05,0.0001039383590931,7.437880854750118e-05
ridge,NetVega,408,-102.85939231360824,-111.4219926715008,202.72491871381985,-415.2862317985943,-244.28209219637472,33.675677870163604,262.8222975801661,185.68044203480568
ridge,NetTheta,408,18.04437561133944,15.972593869699118,33.7247609843387,-33.28447865305434,-3.4967519574320347,39.96476234326483,74.94699837028905,29.928705021565488
ridge,GrossAbsDelta,408,0.228247274989042,0.2185338028461087,0.071759429749144,0.1250036983716891,0.1764574402006177,0.2725875680519534,0.3522056525487312,0.228247274989042
ridge,GrossAbsGamma,408,0.0003642771926757,0.0003548709996561,9.40479592361297e-05,0.0002392679744802,0.0002984434329802,0.0004115809978228,0.000537041889788,0.0003642771926757
ridge,GrossAbsVega,408,902.9710113277424,891.0813903285513,237.36304063919647,560.0871066381507,722.9778707897153,1057.4267731082143,1335.8032917202456,902.9710113277424
ridge,GrossAbsTheta,408,123.7168768919725,119.9439148362122,34.3722755540415,76.43540419847437,100.049437470865,143.2484346835321,187.7323111893282,123.7168768919725
ridge,LongVega,408,400.0558095070672,375.49116155608624,169.75326825758984,140.5658266096749,277.18947189632684,510.2287974952088,699.8056308403314,400.0558095070672
ridge,ShortVegaMagnitude,408,502.9152018206754,498.7150787765372,141.07845611705423,271.99130909365454,406.3168805564569,593.7032479531828,746.608864663126,502.9152018206754
ridge,VegaImbalance,408,-0.1336801720860441,-0.1234267298268118,0.2477508394542856,-0.54828898717003,-0.2990048226611748,0.0395809661627921,0.2587870841663141,0.2220624402073923
ridge,NetDelta_per_gross_premium,408,0.0001043755134078,0.0001146714006088,0.0010759817792281,-0.0018022742931981,-0.0005103659361444,0.0006872270809947,0.0019226994841451,0.0008333358244721
ridge,NetGamma_per_gross_premium,408,-3.4232178766489215e-07,-2.0636326264644946e-07,1.129984224188669e-06,-2.125356669478688e-06,-7.472567547594037e-07,2.973620391666501e-07,9.771753538898469e-07,7.537170779489351e-07
ridge,NetVega_per_gross_premium,408,-1.0454950342039482,-0.9708039835636046,2.144280230999161,-4.407708637214126,-2.353750113654007,0.2970682665321015,2.1890297590401424,1.81382393657104
ridge,NetTheta_per_gross_premium,408,0.1870414667121348,0.1347376443275948,0.3880545156462746,-0.2961773642917799,-0.0282642340940008,0.3523374673533639,0.795453618327185,0.2995014841668604
ridge,GrossAbsDelta_per_gross_premium,408,0.0020022187897291,0.0019597963341098,0.00042867000698,0.0013876724317004,0.0016873407905605,0.0022675322466673,0.0026345922229325,0.0020022187897291
ridge,GrossAbsGamma_per_gross_premium,408,3.505366235006791e-06,3.185718664196369e-06,1.6727533614724235e-06,1.5133482916332144e-06,2.386383928017784e-06,4.328405704793896e-06,6.309464992551679e-06,3.505366235006791e-06
ridge,GrossAbsVega_per_gross_premium,408,8.43410392507657,7.984138342478826,3.1743752720659346,4.201409680005921,6.112619559664172,10.33777393271658,14.122941188321107,8.43410392507657
ridge,GrossAbsTheta_per_gross_premium,408,1.1644493890353775,1.062787357660086,0.5207842358947793,0.6271688920561018,0.8220410415410359,1.366929551002236,2.068814405468696,1.1644493890353775
ridge,LongVega_per_gross_premium,408,3.694304445436311,3.385537643992553,1.8317864969915203,1.288635926682804,2.358852155020249,4.739427702058862,6.99442869798223,3.694304445436311
ridge,ShortVegaMagnitude_per_gross_premium,408,4.73979947964026,4.4047432406435165,1.995458911608625,2.182804128894054,3.294711039454365,5.729203863969389,8.660080718149565,4.73979947964026
xgboost,NetDelta,408,-0.0155808636164986,-0.0155825462833327,0.1045875471246251,-0.1810963543213914,-0.0963470448090261,0.0524396583325966,0.1534249753528226,0.0866009474535851
xgboost,NetGamma,408,-2.0909058235707583e-05,-2.673207351870033e-05,8.799123437184053e-05,-0.0001549145188772,-8.301777414419133e-05,3.740058423031116e-05,0.0001351112478145,7.438694616203189e-05
xgboost,NetVega,408,-69.14414647573759,-73.46070849410134,170.04679383760396,-343.9175877191025,-190.7199380102632,38.43725603925479,223.14514311409323,147.80808974754697
xgboost,NetTheta,408,8.854981240423871,8.243997382086706,24.09315716316068,-28.872563399804243,-8.446084880937565,24.852104151228943,49.06234373304182,20.41967259886308
xgboost,GrossAbsDelta,408,0.2728936702334791,0.2679858820294344,0.0640718208184931,0.1772681448113264,0.2275621404341297,0.3137297483929765,0.3847675442696279,0.2728936702334791
xgboost,GrossAbsGamma,408,0.0003851520403419,0.0003795529189769,6.881126048899332e-05,0.0002850199792918,0.0003393739415124,0.0004253453879809,0.0005074966524741,0.0003851520403419
xgboost,GrossAbsVega,408,1048.3213843838294,1037.0915978648245,209.7124046111875,740.3935462974331,905.5533089902724,1170.3035542881366,1437.754206903076,1048.3213843838294
xgboost,GrossAbsTheta,408,135.6262207947085,129.98826655255357,35.38341761703663,92.6143793036872,110.5933570366837,151.58559791941914,191.5494138057744,135.6262207947085
xgboost,LongVega,408,489.5886189540459,468.9690477843663,140.45913891816906,287.9086882779394,388.7888197191425,572.00605214596,755.4507295657899,489.5886189540459
xgboost,ShortVegaMagnitude,408,558.7327654297835,540.2404346613997,129.30132507246003,365.8396584649988,470.1491585649096,644.4078900592397,782.5882997236197,558.7327654297835
xgboost,VegaImbalance,408,-0.0708123451867605,-0.0734707179903786,0.161914895549197,-0.3181466948771035,-0.1820750640097102,0.0366923449250031,0.1961950776730191,0.1431313592366686
xgboost,NetDelta_per_gross_premium,408,-0.000117499980632,-0.0001012446615699,0.0008253726037267,-0.0015128458538857,-0.0006081202201522,0.0003625879319798,0.0011797260689318,0.000642924785228
xgboost,NetGamma_per_gross_premium,408,-1.761624657030212e-07,-1.8430184668492326e-07,6.620872288016102e-07,-1.2718143031703385e-06,-5.730794632622143e-07,2.483183862258744e-07,8.996058513479241e-07,5.396604979676537e-07
xgboost,NetVega_per_gross_premium,408,-0.5564581072069891,-0.5170139027343144,1.2732685524761644,-2.76632618880105,-1.292795843966861,0.2672478396634733,1.45681778526674,1.077383914116499
xgboost,NetTheta_per_gross_premium,408,0.0671334709075507,0.0531249114093685,0.175930490532855,-0.2009852402958683,-0.0524442172752069,0.1826156047556628,0.3697400570421579,0.1483208619519601
xgboost,GrossAbsDelta_per_gross_premium,408,0.0018707677242624,0.0018245939902942,0.0003263333955392,0.0013878402702026,0.0016289760114486,0.0020600626197874,0.0024704634714327,0.0018707677242624
xgboost,GrossAbsGamma_per_gross_premium,408,2.8239693338502043e-06,2.578035640813429e-06,1.0875023461706835e-06,1.4173495687545255e-06,2.0663786204137605e-06,3.411189836613531e-06,4.931066583350022e-06,2.8239693338502043e-06
xgboost,GrossAbsVega_per_gross_premium,408,7.468991692038418,7.114206281186512,2.242162527651735,4.267316353792458,5.89476841458194,8.680910196042962,11.517848230792236,7.468991692038418
xgboost,GrossAbsTheta_per_gross_premium,408,0.9615499193498324,0.913056769544108,0.3462600091389904,0.576211800443264,0.7554662873221047,1.1075580265768747,1.4429347889281452,0.9615499193498324
xgboost,LongVega_per_gross_premium,408,3.4562667924157147,3.371581119719192,1.145584050557087,1.899131080127245,2.623812190746947,4.14523542584124,5.5225457023726445,3.4562667924157147
xgboost,ShortVegaMagnitude_per_gross_premium,408,4.012724899622704,3.752789908831669,1.418411078169654,2.103173667262903,2.9780319615570665,4.886750621878791,6.6750264857549935,4.012724899622704
