model,portfolio_state,implementation,implementation_label,n_days,n_contracts,unavailable_day_pct,median_daily_return,daily_vol,annualized_sharpe,positive_day_pct,cumulative_arithmetic_normalized_return,max_drawdown,wealth_index_status,total_pnl,mean_daily_return,HAC_standard_error,HAC_t_stat,HAC_p_value,HAC_lag,n_inference_dates,bootstrap_mean_CI_low,bootstrap_mean_CI_high,bootstrap_sharpe_CI_low,bootstrap_sharpe_CI_high,bootstrap_block_length,bootstrap_repetitions,bootstrap_seed
arima,DELTA_NEUTRAL,MID,midpoint option + static underlying-hedge proxy,408,7805,0.0,0.0003226228465875,0.0068200757431836,0.8471439841038585,54.41176470588235,0.148493116367737,-0.06350092021574,MATHEMATICALLY_ADMISSIBLE_PREMIUM_EXPOSURE_INDEX,0.1803513868734318,0.0003639537165875,0.0002906919513839,1.2520254339856718,0.2105605963392834,5,408,-0.0002126533426196,0.0009020785309842,-0.4741894786200181,2.264844721107577,5,4000,42
arima,DELTA_NEUTRAL,BID_ASK,option bid/ask + frictionless underlying hedge proxy,408,7805,0.0,-0.0095021226030908,0.0075907499945431,-20.961191405756487,4.65686274509804,-4.089408961482926,-0.9837896942678892,MATHEMATICALLY_ADMISSIBLE_PREMIUM_EXPOSURE_INDEX,-464.3174511924917,-0.0100230611801052,0.0003811329693833,-26.29806913928924,2.017756556510101e-152,5,408,-0.0107675426868014,-0.0093024893649608,-25.252223462146556,-17.99115204232146,5,4000,42
arima,ORIGINAL,MID,midpoint option valuation,408,7805,0.0,-7.968250422257609e-05,0.034667105093791,-0.5230438086183764,49.75490196078432,-0.4660317820581202,-0.6383683347146837,MATHEMATICALLY_ADMISSIBLE_PREMIUM_EXPOSURE_INDEX,-83.24112599206349,-0.0011422347599463,0.0017674391027424,-0.6462654120156283,0.5181074837050296,5,408,-0.0045521947566767,0.0021477882861361,-2.199486284707804,0.972509301026872,5,4000,42
arima,ORIGINAL,BID_ASK,bid/ask option quote-based proxy,408,7805,0.0,-0.0102665419352208,0.0345153840232907,-5.301215374657176,23.52941176470588,-4.70270841039598,-0.993120033150424,MATHEMATICALLY_ADMISSIBLE_PREMIUM_EXPOSURE_INDEX,-547.7389285714287,-0.0115262461039117,0.0017331460478563,-6.65047594700287,2.9214674386641504e-11,5,408,-0.0148532714462744,-0.0082105427654575,-7.384043532451844,-3.555532877114329,5,4000,42
arima,VEGA_BALANCED,MID,midpoint option valuation,408,7805,0.0,-0.0011693656800842,0.0355264451072769,0.1703786043751271,45.09803921568628,0.1555703045528966,-0.4662343907901209,MATHEMATICALLY_ADMISSIBLE_PREMIUM_EXPOSURE_INDEX,-45.10363330483355,0.000381299766061,0.0018044486304017,0.2113109565087019,0.8326446338976743,5,408,-0.0031591164620077,0.0037946279411344,-1.542555541983107,1.6002517168805546,5,4000,42
arima,VEGA_BALANCED,BID_ASK,bid/ask option quote-based proxy,408,7805,0.0,-0.0106979484367699,0.0350658194669131,-4.665486266519588,22.54901960784314,-4.204756015987407,-0.9886298216064092,MATHEMATICALLY_ADMISSIBLE_PREMIUM_EXPOSURE_INDEX,-407.8785109815903,-0.0103057745489887,0.0017453308678701,-5.904768395900063,3.5314250952112043e-09,5,408,-0.0137280077688152,-0.0069206015052563,-7.101339957384361,-2.7307295219530574,5,4000,42
arima,VEGA_BALANCED_DELTA_NEUTRAL,MID,midpoint option + static underlying-hedge proxy,408,7805,0.0,0.0002505473622991,0.0062084909368776,0.8237252378671709,53.67647058823529,0.1314402318775837,-0.0599892402264322,MATHEMATICALLY_ADMISSIBLE_PREMIUM_EXPOSURE_INDEX,3.125170659378319,0.0003221574310725,0.0003308582139871,0.9737023820270022,0.3302043342375542,5,408,-0.0003000777249716,0.0009719019564764,-0.8076491162290258,2.386158973485663,5,4000,42
arima,VEGA_BALANCED_DELTA_NEUTRAL,BID_ASK,option bid/ask + frictionless underlying hedge proxy,408,7805,0.0,-0.0098406829443255,0.0070954169687245,-23.18710774532797,3.431372549019608,-4.228481112468538,-0.9858927195063162,MATHEMATICALLY_ADMISSIBLE_PREMIUM_EXPOSURE_INDEX,-359.64970701737843,-0.010363924295266,0.0003942931237345,-26.28482129514252,2.8599200903541413e-152,5,408,-0.0111152232848502,-0.0096164424189882,-27.86888891951419,-19.916009094659024,5,4000,42
ridge,DELTA_NEUTRAL,MID,midpoint option + static underlying-hedge proxy,408,7362,0.0,-0.0001219820589183,0.0080790894403022,0.3480551062804302,48.28431372549019,0.0722720407992606,-0.1694611463624633,MATHEMATICALLY_ADMISSIBLE_PREMIUM_EXPOSURE_INDEX,8.072193666338299,0.0001771373549001,0.000414154471325,0.42770842080587,0.6688634183314588,5,408,-0.0005923583826498,0.0010421842064432,-1.4367183520599047,1.742300661365958,5,4000,42
ridge,DELTA_NEUTRAL,BID_ASK,option bid/ask + frictionless underlying hedge proxy,408,7362,0.0,-0.01012273569807,0.0088352500336907,-20.047912846478766,3.6764705882352944,-4.552478492586873,-0.9898904894508698,MATHEMATICALLY_ADMISSIBLE_PREMIUM_EXPOSURE_INDEX,-542.5228063336618,-0.0111580355210462,0.0004183264744471,-26.673032195232743,9.676413292222851e-157,5,408,-0.0119843444610248,-0.010307107713659,-25.258383311289457,-16.08826404125313,5,4000,42
ridge,ORIGINAL,MID,midpoint option valuation,408,7362,0.0,-0.0003924984670194,0.040962580915129,-0.1558247696558865,48.52941176470589,-0.1640528194038282,-0.7950293837292474,MATHEMATICALLY_ADMISSIBLE_PREMIUM_EXPOSURE_INDEX,-56.00750000000004,-0.0004020902436368,0.0021847542463452,-0.1840436947585611,0.8539791768867383,5,408,-0.0046861337203826,0.0039250721895188,-1.9584606439327497,1.4410398097745312,5,4000,42
ridge,ORIGINAL,BID_ASK,bid/ask option quote-based proxy,408,7362,0.0,-0.0106631664856762,0.0413051894005793,-4.512048043765986,23.52941176470588,-4.790029917473529,-0.9947837712785758,MATHEMATICALLY_ADMISSIBLE_PREMIUM_EXPOSURE_INDEX,-606.6025000000002,-0.0117402694055723,0.0021609936515097,-5.432810687514207,5.54732516029005e-08,5,408,-0.0160115965881815,-0.0074406706613395,-6.796345809206319,-2.6388557899720846,5,4000,42
ridge,VEGA_BALANCED,MID,midpoint option valuation,408,7362,0.0,-0.0005226156711022,0.0412596906195891,-0.2673029625091869,47.05882352941176,-0.2834585961394021,-0.8011916149958178,MATHEMATICALLY_ADMISSIBLE_PREMIUM_EXPOSURE_INDEX,-65.83027062251584,-0.0006947514611259,0.0022334440755059,-0.3110673191889102,0.755749445000296,5,408,-0.0050653763000378,0.0036754677626939,-2.119891894058723,1.3650271421841729,5,4000,42
ridge,VEGA_BALANCED,BID_ASK,bid/ask option quote-based proxy,408,7362,0.0,-0.0116498318196707,0.0415878729906334,-4.7174288870815015,22.794117647058822,-5.042338112162081,-0.995977611073886,MATHEMATICALLY_ADMISSIBLE_PREMIUM_EXPOSURE_INDEX,-507.2602059159333,-0.0123586718435345,0.002220275315364,-5.566278991624972,2.6023647338509797e-08,5,408,-0.0166966691574686,-0.0080686021837822,-7.032957669369673,-2.821300105720866,5,4000,42
ridge,VEGA_BALANCED_DELTA_NEUTRAL,MID,midpoint option + static underlying-hedge proxy,408,7362,0.0,-0.0001979476762313,0.0073935062961587,-0.5185242131551437,46.32352941176471,-0.0985324725221016,-0.2100389927252434,MATHEMATICALLY_ADMISSIBLE_PREMIUM_EXPOSURE_INDEX,-10.145089201655102,-0.0002415011581424,0.0003165192339749,-0.7629904669916747,0.4454690811842972,5,408,-0.0008537061435339,0.000416260221103,-2.20887248077825,0.8197738615913014,5,4000,42
ridge,VEGA_BALANCED_DELTA_NEUTRAL,BID_ASK,option bid/ask + frictionless underlying hedge proxy,408,7362,0.0,-0.010568995131271,0.008656811883248,-21.838241922798986,1.715686274509804,-4.858872976807268,-0.992580709068375,MATHEMATICALLY_ADMISSIBLE_PREMIUM_EXPOSURE_INDEX,-451.5750244950726,-0.0119090023941354,0.0003792156018594,-31.4043049276979,1.7672918571222612e-216,5,408,-0.0126712907579664,-0.0111584711483909,-28.158561682918013,-17.734574414746238,5,4000,42
xgboost,DELTA_NEUTRAL,MID,midpoint option + static underlying-hedge proxy,408,7637,0.0,-3.086436567405528e-05,0.0038380783541277,0.0102705884124171,49.01960784313725,0.0010131390495924,-0.137509753066036,MATHEMATICALLY_ADMISSIBLE_PREMIUM_EXPOSURE_INDEX,-0.768816088203506,2.48318394507957e-06,0.0002117057657248,0.0117294110369508,0.9906414986158052,5,408,-0.0003915805183644,0.0004165926359031,-1.7124019856107615,1.6179695230895563,5,4000,42
xgboost,DELTA_NEUTRAL,BID_ASK,option bid/ask + frictionless underlying hedge proxy,408,7637,0.0,-0.0095443754188977,0.004855368590369,-33.254167929209395,1.4705882352941175,-4.1498097124712,-0.984639635293636,MATHEMATICALLY_ADMISSIBLE_PREMIUM_EXPOSURE_INDEX,-634.8675660882036,-0.010171102236449,0.0002789214049426,-36.46583609651556,3.860293305085311e-291,5,408,-0.0107137615147338,-0.0096236461411394,-37.06594240855705,-30.10040968484705,5,4000,42
xgboost,ORIGINAL,MID,midpoint option valuation,408,7637,0.0,9.427257604593644e-05,0.0340211122646259,-1.7305747394940938,50.24509803921568,-1.5132084610119894,-0.8323538026414575,MATHEMATICALLY_ADMISSIBLE_PREMIUM_EXPOSURE_INDEX,-141.59124999999997,-0.0037088442671862,0.0015823065395016,-2.3439480117136107,0.0190808308495616,5,408,-0.0069410460960764,-0.0005895725792146,-3.2392266919343053,-0.274541535729606,5,4000,42
xgboost,ORIGINAL,BID_ASK,bid/ask option quote-based proxy,408,7637,0.0,-0.0093900635930315,0.0343200858113145,-6.42364691537562,23.03921568627451,-5.666174158395367,-0.9974159336222516,MATHEMATICALLY_ADMISSIBLE_PREMIUM_EXPOSURE_INDEX,-775.69,-0.0138876817607729,0.0015423967055053,-9.003962282338456,2.1771496785926955e-19,5,408,-0.01705349993445,-0.0108252791836724,-8.200693459777053,-4.835555900972588,5,4000,42
xgboost,VEGA_BALANCED,MID,midpoint option valuation,408,7637,0.0,4.365315254273948e-06,0.033879314655484,-1.6901811081368805,50.0,-1.471728676710455,-0.8257720979447982,MATHEMATICALLY_ADMISSIBLE_PREMIUM_EXPOSURE_INDEX,-100.6740050209041,-0.0036071781291922,0.001571826187913,-2.294896316736906,0.0217390669506319,5,408,-0.0067727594522541,-0.0004750631401952,-3.197328502702165,-0.219141422894174,5,4000,42
xgboost,VEGA_BALANCED,BID_ASK,bid/ask option quote-based proxy,408,7637,0.0,-0.0095307709229754,0.0341565956936215,-6.454042807988583,21.568627450980397,-5.665866187223026,-0.9974091199640868,MATHEMATICALLY_ADMISSIBLE_PREMIUM_EXPOSURE_INDEX,-655.870446627028,-0.0138869269294681,0.0015309469165928,-9.070808908498169,1.1813667495809445e-19,5,408,-0.0170623218210794,-0.0108947549524497,-8.290445579687997,-4.8351676150832175,5,4000,42
xgboost,VEGA_BALANCED_DELTA_NEUTRAL,MID,midpoint option + static underlying-hedge proxy,408,7637,0.0,-0.0001459242277693,0.0035459177297187,-0.4718394504768654,45.34313725490196,-0.043001420008759,-0.0969327444678456,MATHEMATICALLY_ADMISSIBLE_PREMIUM_EXPOSURE_INDEX,-2.573556242268745,-0.0001053956372763,0.0001880774640957,-0.5603841894779226,0.5752174134852925,5,408,-0.0004606688801883,0.0002804647473451,-2.328215199269429,1.1026610580936045,5,4000,42
xgboost,VEGA_BALANCED_DELTA_NEUTRAL,BID_ASK,option bid/ask + frictionless underlying hedge proxy,408,7637,0.0,-0.0100196393829867,0.0044939740666432,-36.67758729215743,0.7352941176470588,-4.236343956119578,-0.9859157174987574,MATHEMATICALLY_ADMISSIBLE_PREMIUM_EXPOSURE_INDEX,-557.7699978483926,-0.0103831959708813,0.0002469271220785,-42.0496374941629,0.0,5,408,-0.0108656585100613,-0.0099038817685349,-41.94234143272426,-32.302444402444635,5,4000,42
