record_type,model,portfolio_state,n_days,uncosted_mean_MID,uncosted_total_MID_pnl,mean_hedge_notional,mean_normalized_cost_load,break_even_decimal_per_side,break_even_bps_per_side,break_even_bps_round_trip,aggregate_break_even_decimal_per_side,aggregate_break_even_bps_per_side,positive_mean_friction_budget,status,cost_interpretation,bps_per_side,bps_round_trip,mean_MID_after_hypothetical_cost,total_MID_pnl_after_hypothetical_cost,mean_BID_ASK_proxy_after_hypothetical_cost,interpretation
BREAK_EVEN,arima,DELTA_NEUTRAL,408,0.0003639537165875,0.1803513868734318,342.4516849295304,6.751327650504618,5.3908465923793165e-05,0.5390846592379317,1.0781693184758634,6.454015739709977e-07,0.0064540157397099,True,POSITIVE_MEAN_BUDGET,hypothetical constant per-side proportional hedge friction; not observed tradable cost,,,,,,
BREAK_EVEN,arima,VEGA_BALANCED_DELTA_NEUTRAL,408,0.0003221574310725,3.125170659378319,248.11517325301767,6.461784831938285,4.985579672665678e-05,0.4985579672665678,0.9971159345331356,1.5435839549540796e-05,0.1543583954954079,True,POSITIVE_MEAN_BUDGET,hypothetical constant per-side proportional hedge friction; not observed tradable cost,,,,,,
BREAK_EVEN,ridge,DELTA_NEUTRAL,408,0.0001771373549001,8.072193666338299,423.3667689255025,8.332712821700767,2.125806549324876e-05,0.2125806549324875,0.4251613098649751,2.3366014824570943e-05,0.2336601482457094,True,POSITIVE_MEAN_BUDGET,hypothetical constant per-side proportional hedge friction; not observed tradable cost,,,,,,
BREAK_EVEN,ridge,VEGA_BALANCED_DELTA_NEUTRAL,408,-0.0002415011581424,-10.145089201655102,333.6259825416125,8.280620717645913,0.0,0.0,0.0,0.0,0.0,False,NO_POSITIVE_COST_BUDGET_ALREADY_NONPOSITIVE,hypothetical constant per-side proportional hedge friction; not observed tradable cost,,,,,,
BREAK_EVEN,xgboost,DELTA_NEUTRAL,408,2.4831839450795973e-06,-0.768816088203506,431.1886681413381,6.365182345319457,3.901198442344028e-07,0.003901198442344,0.007802396884688,0.0,0.0,True,POSITIVE_MEAN_BUDGET,hypothetical constant per-side proportional hedge friction; not observed tradable cost,,,,,,
BREAK_EVEN,xgboost,VEGA_BALANCED_DELTA_NEUTRAL,408,-0.0001053956372763,-2.573556242268745,350.8498897909139,6.140383932188724,0.0,0.0,0.0,0.0,0.0,False,NO_POSITIVE_COST_BUDGET_ALREADY_NONPOSITIVE,hypothetical constant per-side proportional hedge friction; not observed tradable cost,,,,,,
STRESS,arima,DELTA_NEUTRAL,408,,,,,,,,,,,,,0.5,1.0,2.638733406235998e-05,-13.7916773582514,-0.0103607471121782,illustrative stress only; no strategy/cost estimate selected
STRESS,arima,DELTA_NEUTRAL,408,,,,,,,,,,,,,1.0,2.0,-0.0003111790484628,-27.76370610337624,-0.0106984330442512,illustrative stress only; no strategy/cost estimate selected
STRESS,arima,DELTA_NEUTRAL,408,,,,,,,,,,,,,2.0,4.0,-0.0009863118135133,-55.70776359362591,-0.0113738049083972,illustrative stress only; no strategy/cost estimate selected
STRESS,arima,DELTA_NEUTRAL,408,,,,,,,,,,,,,5.0,10.0,-0.0030117101086647,-139.53993606437493,-0.0133999205008353,illustrative stress only; no strategy/cost estimate selected
STRESS,arima,VEGA_BALANCED_DELTA_NEUTRAL,408,,,,,,,,,,,,,0.5,1.0,-9.318105244049168e-07,-6.997928409344803,-0.0106869621860029,illustrative stress only; no strategy/cost estimate selected
STRESS,arima,VEGA_BALANCED_DELTA_NEUTRAL,408,,,,,,,,,,,,,1.0,2.0,-0.0003240210521213,-17.121027478067926,-0.0110100000767398,illustrative stress only; no strategy/cost estimate selected
STRESS,arima,VEGA_BALANCED_DELTA_NEUTRAL,408,,,,,,,,,,,,,2.0,4.0,-0.0009701995353151,-37.36722561551417,-0.0116560758582136,illustrative stress only; no strategy/cost estimate selected
STRESS,arima,VEGA_BALANCED_DELTA_NEUTRAL,408,,,,,,,,,,,,,5.0,10.0,-0.0029087349848966,-98.1058200278529,-0.0135943032026351,illustrative stress only; no strategy/cost estimate selected
STRESS,ridge,DELTA_NEUTRAL,408,,,,,,,,,,,,,0.5,1.0,-0.0002394982861848,-9.201170505822208,-0.0115749697967943,illustrative stress only; no strategy/cost estimate selected
STRESS,ridge,DELTA_NEUTRAL,408,,,,,,,,,,,,,1.0,2.0,-0.0006561339272699,-26.474534677982703,-0.0119919040725423,illustrative stress only; no strategy/cost estimate selected
STRESS,ridge,DELTA_NEUTRAL,408,,,,,,,,,,,,,2.0,4.0,-0.00148940520944,-61.02126302230372,-0.0128257726240384,illustrative stress only; no strategy/cost estimate selected
STRESS,ridge,DELTA_NEUTRAL,408,,,,,,,,,,,,,5.0,10.0,-0.0039892190559502,-164.66144805526676,-0.0153273782785266,illustrative stress only; no strategy/cost estimate selected
STRESS,ridge,VEGA_BALANCED_DELTA_NEUTRAL,408,,,,,,,,,,,,,0.5,1.0,-0.0006555321940247,-23.75702928935289,-0.0123230685992261,illustrative stress only; no strategy/cost estimate selected
STRESS,ridge,VEGA_BALANCED_DELTA_NEUTRAL,408,,,,,,,,,,,,,1.0,2.0,-0.0010695632299069,-37.36896937705068,-0.0127371348043167,illustrative stress only; no strategy/cost estimate selected
STRESS,ridge,VEGA_BALANCED_DELTA_NEUTRAL,408,,,,,,,,,,,,,2.0,4.0,-0.0018976253016715,-64.59284955244627,-0.0135652672144981,illustrative stress only; no strategy/cost estimate selected
STRESS,ridge,VEGA_BALANCED_DELTA_NEUTRAL,408,,,,,,,,,,,,,5.0,10.0,-0.0043818115169653,-146.264490078633,-0.016049664445042,illustrative stress only; no strategy/cost estimate selected
STRESS,xgboost,DELTA_NEUTRAL,408,,,,,,,,,,,,,0.5,1.0,-0.0003157759333208,-18.361313748370097,-0.0104894918888791,illustrative stress only; no strategy/cost estimate selected
STRESS,xgboost,DELTA_NEUTRAL,408,,,,,,,,,,,,,1.0,2.0,-0.0006340350505868,-35.953811408536694,-0.0108078815413093,illustrative stress only; no strategy/cost estimate selected
STRESS,xgboost,DELTA_NEUTRAL,408,,,,,,,,,,,,,2.0,4.0,-0.0012705532851188,-71.1388067288699,-0.0114446608461697,illustrative stress only; no strategy/cost estimate selected
STRESS,xgboost,DELTA_NEUTRAL,408,,,,,,,,,,,,,5.0,10.0,-0.0031801079887146,-176.69379268986944,-0.0133549987607507,illustrative stress only; no strategy/cost estimate selected
STRESS,xgboost,VEGA_BALANCED_DELTA_NEUTRAL,408,,,,,,,,,,,,,0.5,1.0,-0.0004124148338858,-16.888231745738025,-0.0106902200839767,illustrative stress only; no strategy/cost estimate selected
STRESS,xgboost,VEGA_BALANCED_DELTA_NEUTRAL,408,,,,,,,,,,,,,1.0,2.0,-0.0007194340304952,-31.20290724920732,-0.0109972441970722,illustrative stress only; no strategy/cost estimate selected
STRESS,xgboost,VEGA_BALANCED_DELTA_NEUTRAL,408,,,,,,,,,,,,,2.0,4.0,-0.0013334724237141,-59.83225825614589,-0.0116112924232632,illustrative stress only; no strategy/cost estimate selected
STRESS,xgboost,VEGA_BALANCED_DELTA_NEUTRAL,408,,,,,,,,,,,,,5.0,10.0,-0.0031755876033707,-145.7203112769616,-0.013453437101836,illustrative stress only; no strategy/cost estimate selected
