filename,relative_path,sha256,rows,columns
economic_forecasts_3models.parquet,data\economic_forecasts_3models.parquet,436f36bbd1a9061f09b073b8bc0173817822e177c8803b3d2fcab950d1702b97,213500.0,38.0
economic_signal_daily_diagnostics.parquet,data\economic_signal_daily_diagnostics.parquet,582a4ed0b6912d50580d987abe29b0aef9d4c24a33fc4d3121d31fb6e2a33250,1269.0,15.0
economic_signals_3models.parquet,data\economic_signals_3models.parquet,fae9960850aa3cb17219741ba0d35d29ef8dd88708bfcb44b86b74891e8c29ae,640500.0,19.0
forecast_daily_losses.parquet,data\forecast_daily_losses.parquet,bdebcf5cb86c498c2e40a1f9e85f1bd704d285b4255c589a94d8c0344693ead8,1672.0,10.0
forecast_daily_rank_ic.parquet,data\forecast_daily_rank_ic.parquet,c349f4422757746269c1d3208edf1f6be48ba36394de8be028cd409d5dc05299,1672.0,5.0
forecast_journal_all.parquet,data\forecast_journal_all.parquet,52d574e250ba84190ccb6f17e7665a9a8ff9e57c516b849325747186512a104f,213500.0,30.0
iv_grid_day_stats.csv,data\iv_grid_day_stats.csv,b50d4705642e55c12036087ce3c783c8d586cfd95c035a32c8de2dc574e8c1cc,2808.0,6.0
iv_grid_day_stats.parquet,data\iv_grid_day_stats.parquet,b05cbb4b54e43ac21db1c2849127179d76987df6c0ed5f22bf947fad7164ce57,2808.0,6.0
iv_grid_long.csv,data\iv_grid_long.csv,66703f1ce23925803734b6039245c84da36699b1b9208d536bf1a873d4bb90ed,1404000.0,4.0
iv_grid_long.parquet,data\iv_grid_long.parquet,d2bc3b3f742a25b402c22b41d0f7e2a55b40e0f256d694e6b818e5cb5e75561e,1404000.0,4.0
iv_grid_map.csv,data\iv_grid_map.csv,8b30f71e4254b734724b9c7521d30c6e9b4c67bad765f148f7542a769a8440c6,500.0,5.0
iv_grid_map.parquet,data\iv_grid_map.parquet,e5942062e8259adb9a7f0b80e3904efb1099a6185022a561031c0267f0e13fb5,500.0,5.0
iv_grid_wide.csv,data\iv_grid_wide.csv,42087eda6172e7b39cb0c6a9bf80bc7ce2f1f8987e25b19cd6b93b6c427bdcad,2808.0,501.0
iv_grid_wide.parquet,data\iv_grid_wide.parquet,efedbde575d04540221db81d92c7bd69ab1d580533e63a343ea8d889d9b00240,2808.0,501.0
options_clean.parquet,data\options_clean.parquet,275c3f6eebc41b9708a858883f6f08784b4c290c62f411507cd0ddb8899cafeb,6713294.0,40.0
options_with_iv.parquet,data\options_with_iv.parquet,97987ba48142b7e875fdd75a09fa9f39bd21b228d8af8784dbab3526f2606f4b,6713294.0,42.0
stage4_contract_pnl.parquet,data\stage4_contract_pnl.parquet,1bdcd3010ac4dce463cd603dd0acaeab8eded7b86398fbbfbec7868a5e41e885,22804.0,101.0
stage4_daily_performance.parquet,data\stage4_daily_performance.parquet,985b0cc40583a96db0b1ff05c03de527eb7f3b4f4b7ee7b18cbc18fadcf95ef4,1224.0,29.0
stage4_economic_calendar.parquet,data\stage4_economic_calendar.parquet,7c3ab063f9e3f38dabcb34a06c5a8573828c8b9dd7cbefa444f6448b62abe041,1269.0,11.0
stage4_signal_pnl_diagnostics.parquet,data\stage4_signal_pnl_diagnostics.parquet,0f643e571f4530e2de08e71f2cb7256d04ae9d555d0743aa655276647b522f86,1224.0,44.0
stage5_contract_attribution.parquet,data\stage5_contract_attribution.parquet,edf17cf94f8c1d024fccd75272bf75690edb0aedc4248366cac1665506d71347,22804.0,139.0
stage5_daily_greek_exposures.parquet,data\stage5_daily_greek_exposures.parquet,62369216376c2a7826473ce5ec97bef632bf247b5531ce1eb1b7379f0297bc87,1224.0,33.0
stage5_daily_performance.parquet,data\stage5_daily_performance.parquet,e2829d900245c3aff37224057a686ee9a821c5b67cd52d8ca16d07f20563fbb0,4896.0,24.0
stage5_delta_neutral_portfolios.parquet,data\stage5_delta_neutral_portfolios.parquet,0bee22766b043e199272e95cd1cb17c9279b5c5060e59b9af0661f7080692d1c,1224.0,54.0
stage5_signal_alignment.parquet,data\stage5_signal_alignment.parquet,ef14ac45fb4efe02cb5c3105b76f71fa7c24d06d93b36f0cf16803797f774306,4896.0,26.0
stage5_underlying_spot_diagnostics.parquet,data\stage5_underlying_spot_diagnostics.parquet,8b9ecb3382c7d9bc3301a3af879e805aeff4940b6f43b6316cccdc4713ef1f49,1224.0,16.0
stage5_vega_balanced_portfolios.parquet,data\stage5_vega_balanced_portfolios.parquet,d517eb5aa53fde81b195b4860a59426565c15ccf6dd4e1b146b609308de1bc18,22804.0,123.0
stage6_daily_greek_components.parquet,data\stage6_daily_greek_components.parquet,ca0501e54e8475260a7acd5c116ce884135e89a1e3ee5a9bceaf6d4f9c9f187e,1224.0,6.0
stage6_decision_IV_regimes.parquet,data\stage6_decision_IV_regimes.parquet,2b8061d458eebd654d5d9769c38bda15b397533e190ca2dcf2d0f62f1e75f817,408.0,4.0
stage6_hedge_cost_inputs.parquet,data\stage6_hedge_cost_inputs.parquet,b1cc8fa6906ffe021e2dd839e9df5d5d0e7cdc1c06f02c098f4bfb0529dc7127,2448.0,26.0
stage6_normalization_daily.parquet,data\stage6_normalization_daily.parquet,723e1bbc1f8965393333ae17acacd4c183a9d569df8d566a5555738733ffd2ea,4896.0,28.0
trades_3models_contract_net.parquet,data\trades_3models_contract_net.parquet,131fbc3ae43f739ad1f9cc187d456380d20f8bf74a2db42bdd5daaf171d9d131,23272.0,41.0
trades_3models_preperformance.parquet,data\trades_3models_preperformance.parquet,8c5581779baddb0bd3cfc8aec40d77cf94b98cdba31bf5e56773392e2246312e,25373.0,49.0
trades_3models_stage3b_ready.parquet,data\trades_3models_stage3b_ready.parquet,70317850911928aa849e7d7e47c65fd6c7e83bff50aa2580694811289a3e4975,23272.0,88.0
analysis_checks.csv,diagnostics\analysis_checks.csv,ea8b626deebe7758dee48cc8183dae4721a2896f4cb75b1f9c1e8e067af02e08,24.0,6.0
cleaning_counts.json,diagnostics\cleaning_counts.json,18dd5426896854113042c578b368a9cbb5dc44947717f98591eb8e5c155cdc22,,
component_integration_check.json,diagnostics\component_integration_check.json,bd217793acf85ad8baccd11efde4c6c115cd42ab3247a506d35c956677f1f0ba,,
data_cleaning_funnel.csv,diagnostics\data_cleaning_funnel.csv,1c56a81c3ddbfb1f31582e644122841c7407fe7282506e57a5a2b863e112ac81,8.0,5.0
delivery_verification.json,diagnostics\delivery_verification.json,e35c48257d2555613f4bae1ab4ecdf6419f1c1eee07a9089f346606169b1fd26,,
fresh_forecast_checkpoint_check.json,diagnostics\fresh_forecast_checkpoint_check.json,bd9ac371259d1989f3cd2571287770e879ad72a927caea18a386c076e44ab27f,,
iv_counts.json,diagnostics\iv_counts.json,4b9173e8a2b197ce0f4ea8484c5b32ff126001141e0a1206d91fea2f0a9f1d5f,,
iv_grid_summary.json,diagnostics\iv_grid_summary.json,e449015068ed381d544ab5b976a884446229c0a3ce4355338b5e5475971906d6,,
logging_repair.json,diagnostics\logging_repair.json,a3358f672b770a13ec5f0be3878afc767d880793eaa08c818bc07d7fb12a5b09,,
reference_surface_refit_convergence_test.json,diagnostics\reference_surface_refit_convergence_test.json,84561d353a8b9964f25074c195800ca3805ef0c4661fa321c6d9fe13e6975039,,
replication_final_comparison.csv,diagnostics\replication_final_comparison.csv,a4b0dc3aa7be106798a7ee46abdc49eba3939a51770d93562dd03d7b0317a8f3,4042.0,9.0
stage1_environment.json,diagnostics\stage1_environment.json,b94e769c13018d5d505557a6b69e93cd35e638bb075f1a7ba5dfb238a5d84018,,
stage1_manifest.json,diagnostics\stage1_manifest.json,a32c9a12918639fa778dc51f76eb31f01ee06269d55bcaa986c4d92b92905f8e,,
stage1_reproduction_checks.csv,diagnostics\stage1_reproduction_checks.csv,f02a5b952e4ff1eac5fa666da9ef876aa15edfdae1a4ed0241d65035f8b38d0e,642.0,6.0
stage2_environment.json,diagnostics\stage2_environment.json,b44b4146e3ec3fd1ef94b24a47f2732e5aa5f17bb0ef968f87a26b44bf37ec47,,
stage2_failure.json,diagnostics\stage2_failure.json,01908c26406d52addb423d262acaf5040c1c1e4454aafd11891a9eab3e9bcc74,,
stage2_manifest.json,diagnostics\stage2_manifest.json,8834a6900939d744a08d7d5bc90005430ab4f0ef6fdad57763f5a6c27d7fb00a,,
stage6_iv_regime_definition.json,diagnostics\stage6_iv_regime_definition.json,01f28f37d0fc5e1645c95db7edac0bf9aba20042cb745b66fdb97433574fb5ce,,
stage6_preservation_check.json,diagnostics\stage6_preservation_check.json,57cec9c9d506941c443a3f027df2a96456ef4c0bbc6028a2838221b5075a9917,,
workbook_validation.json,diagnostics\workbook_validation.json,6db4b62e691ba2a9892cc142ead4360c83aab7e903d2be821198952c4b843ec3,,
cumulative_bidask_performance.png,figures\cumulative_bidask_performance.png,0a291be7f45f5406d7ae2a88802c2f49f52f294556522ccac897ac7921990591,,
cumulative_mid_performance.png,figures\cumulative_mid_performance.png,7a9e65033539675e28c859dfbe32402feb846bb660d21bd0631ee3314eb9008c,,
forecast_daily_rmse.png,figures\forecast_daily_rmse.png,0b5f84338189f57d39d288a6c3afec2e4a61bbfa416aece01665494c568d6d39,,
forecast_loss_relative_to_persistence.png,figures\forecast_loss_relative_to_persistence.png,e911a003bdb399d948b8afbc8efad901ac6cd0602a47b24a2b4dd4234d9d0796,,
forecast_rank_ic_timeseries.png,figures\forecast_rank_ic_timeseries.png,16d2b4e5e25bcd857d1aee69dc9fdf2343dc9a2521d5a1a6c68b39337f97096d,,
mid_vs_bidask_by_model.png,figures\mid_vs_bidask_by_model.png,395429feb96eb270f11d362710a882234108ea0011c925dbfa5658d35034ab2e,,
stage5_four_portfolio_states.png,figures\stage5_four_portfolio_states.png,a61a87230899bbee7d876de6858d995114e9b0aac752e0fcbadd172409fe7711,,
stage5_net_delta_timeseries.png,figures\stage5_net_delta_timeseries.png,f4afc5d87dad198bcf1da83a1effb70c741f279e174360ba1647c1544fab3e99,,
stage5_net_vega_timeseries.png,figures\stage5_net_vega_timeseries.png,41ddefb78a66d4c2f6bc5f4a5367d80cd73224f7cff30bf2f5f5be682ec01e34,,
stage5_original_vs_delta_neutral.png,figures\stage5_original_vs_delta_neutral.png,47e8fc0dd89ce1b785e24d188538715cc1978a60ca6f6fe067a2b3d92412e4c4,,
stage5_original_vs_vega_balanced.png,figures\stage5_original_vs_vega_balanced.png,20b39d00aba259a0785eceea88cbb0c2de5015d8c65ec055bb0d0638bb2a31cd,,
stage5_pnl_attribution.png,figures\stage5_pnl_attribution.png,0d31302b9b82e901cb73bd994f294a1c5b58ce13642522c6c57d41f7d7590ca4,,
stage6_main_forecast_performance.png,figures\stage6_main_forecast_performance.png,5fcbbfd741682bed1bfa22951ff5d4fd6ab9f010ecd812e6432afc69a224d83a,,
stage6_main_greek_attribution.png,figures\stage6_main_greek_attribution.png,ce4e18c7993d298de92b48e71b7e14a20f0afadb5f30bf9545d82c75ae27a657,,
stage6_main_implementation_funnel.png,figures\stage6_main_implementation_funnel.png,b3f5e91f58e56abf533328731f7603e50d6cca95e67b06dc96866466e7e6eda3,,
stage6_main_original_vs_delta_neutral.png,figures\stage6_main_original_vs_delta_neutral.png,7aa93935a55c9a0c2b95be415a43596d25aa86729cfb98436271e34c2b5f7811,,
transaction_cost_wedge_timeseries.png,figures\transaction_cost_wedge_timeseries.png,a909e3bc815ae3ad9e454e9585642971e89d761cdf2ad0a9ac6f34350146da02,,
stage6_figure_manifest.md,reports\stage6_figure_manifest.md,57171a66e6d46fe73323f2daaf051c7c6911dfb1d603937ee628e9c6c1aabca7,,
00_Run_Info.csv,tables\00_Run_Info.csv,f3681acfb96f85c1cf63ab390c723492ab6879407c5e9107678a5011b5de4e70,13.0,2.0
01_Data_Cleaning.csv,tables\01_Data_Cleaning.csv,1c56a81c3ddbfb1f31582e644122841c7407fe7282506e57a5a2b863e112ac81,8.0,5.0
02_IV_Grid_Summary.csv,tables\02_IV_Grid_Summary.csv,46c8ff45f6cb6db960242fe844f7cbc2c89cf55171cadffeec490dad764e1ff9,13.0,2.0
03_Forecast_Performance.csv,tables\03_Forecast_Performance.csv,1c692146f4d902a4ff5044f05e52f75e5e843b6f2dfeb0ca4e0527fdfbff6930,4.0,21.0
04_DM_Tests.csv,tables\04_DM_Tests.csv,6f71eeb3af411002d3b00ad0dbd466f950cbbbc3be75c87636521f8bd9e31df3,18.0,10.0
05_MCS.csv,tables\05_MCS.csv,4ef4729f897eddf50191cb4ea5438ce9828c131c0a8f6dcbef26cf4155f2489e,24.0,14.0
06_Economic_Signal.csv,tables\06_Economic_Signal.csv,3bcffbf8e0b6bb8cb1952d99e773a4ef6e2519f0291609c617123b2cb4d5442b,3.0,23.0
07_Implementation.csv,tables\07_Implementation.csv,39bb41c0aa99d1986a5beb5228d160cfc614177c3ddf0d0b0e2aede554c3cf1f,3.0,13.0
08_Original_Performance.csv,tables\08_Original_Performance.csv,ad82e712df68f2be458f418dfc419d06aeb3068c8d00f2d471ce0bbd9fcc4005,6.0,31.0
09_Greek_Exposure.csv,tables\09_Greek_Exposure.csv,e798a203558606fb385fef311f8b8f6cea9a05b32a08fca0005c4ac32befca35,63.0,11.0
10_Greek_Attribution.csv,tables\10_Greek_Attribution.csv,2744f42a259fb907225913aabedd81ff1e085dd56449d25b83608b6c3e2fa9eb,12.0,14.0
11_DGVT_Subset.csv,tables\11_DGVT_Subset.csv,6361558eeef3a0ff7f3e87cb2c4582213b7f06b9d27c9fa5819273bf238ae218,15.0,14.0
12_Risk_Control.csv,tables\12_Risk_Control.csv,1daf1badb281a386b0517dd998a6a853b07059c07848ebcb90c2cf468214c30f,24.0,28.0
13_Multiple_Testing.csv,tables\13_Multiple_Testing.csv,5b7a879b92e2235d17a1827e363226c3bb59f6e8387f0f59416fd6ba88818cce,48.0,11.0
14_Paired_Control_Effects.csv,tables\14_Paired_Control_Effects.csv,6c822f8ceaad2dafe9f9d1284acdd3bb4e2c90729a18c8ef701c22ee3b0b0846,12.0,23.0
15_Normalization.csv,tables\15_Normalization.csv,80450b6c55c4e3f66796c5072a4c25d460e6c741975de3920638b6c22a985171,24.0,11.0
16_Hedge_Costs.csv,tables\16_Hedge_Costs.csv,550c2fa90847957e7c9b7320a460ba459507f51d27ca652413539b8745b03075,30.0,22.0
17_Subperiods.csv,tables\17_Subperiods.csv,c183309121c2ec42a8c8ec5bfd6872e37cef172c1db29c9acbcfd9de063a56bd,36.0,13.0
18_IV_Regimes.csv,tables\18_IV_Regimes.csv,1be7029b3618e20d3f3a5653f11deacbc52f50205e76cc95800a76480e06fab1,36.0,13.0
19_Full_Chain.csv,tables\19_Full_Chain.csv,b404b0bc3f41dc623006173bfe8a710e3d0f8672a3661233a5327ee6bb4eda88,3.0,18.0
20_Model_Ranks.csv,tables\20_Model_Ranks.csv,5872596358383de71ca04071694dce65be4899886c7493bcda2b2db79312b0ad,3.0,7.0
21_Checks.csv,tables\21_Checks.csv,07a229eaa513ac798d623fc3e281043814d2fceab655fba797fbe94d1af1d25a,4708.0,7.0
contract_mapping_collisions.csv,tables\contract_mapping_collisions.csv,01f383c85791ecb854426a4f2a7253b7630e63ad37fca2fbc074ce92a4afa183,1269.0,13.0
diebold_mariano_results.csv,tables\diebold_mariano_results.csv,fb6714c803e7125ff4460f06a01f155bd412b9e31be78b7838dca293f8484e9c,18.0,10.0
economic_signal_predictive_summary.csv,tables\economic_signal_predictive_summary.csv,890d0f9a4eed022f9873d5bc98f2cc4b11d15e3bd40b6aecb5f23e94b839c237,3.0,21.0
forecast_bootstrap_intervals.csv,tables\forecast_bootstrap_intervals.csv,d5be4311131829059a73cc322b17d75bb487c3823d56024aad45c9a99bd7d5cf,12.0,8.0
forecast_metrics_by_surface_region.csv,tables\forecast_metrics_by_surface_region.csv,8cfa027adc08364192dfb2e57d2b7be54589ce3ec4ff9eff7695ea6f80c6d361,24.0,8.0
forecast_model_comparison.csv,tables\forecast_model_comparison.csv,cfb15d76296c56745983f4df6d791baaaf478d2ffaf09c6c21923a6f08204cba,4.0,20.0
model_confidence_set.csv,tables\model_confidence_set.csv,4ef4729f897eddf50191cb4ea5438ce9828c131c0a8f6dcbef26cf4155f2489e,24.0,14.0
rank_ic_summary.csv,tables\rank_ic_summary.csv,a5aafee5615fe62ff48a03f1b76484989de47c1460b0adc127e9c25092f0bba0,4.0,11.0
stage3_candidate_counts_by_date.csv,tables\stage3_candidate_counts_by_date.csv,93d99b33de0cfbd725e0eb58272c1cba543101c200cef6016fdc45cdc4c8dfd4,427.0,2.0
stage3b_exit_coverage.csv,tables\stage3b_exit_coverage.csv,27afba4f67eba79730cc00cebc2bdca8db584f10de219f0a031fee87d5d9b564,3.0,17.0
stage3b_quote_quality.csv,tables\stage3b_quote_quality.csv,36e27f24c244fad610cf792fbcd534dcff75c0e4d139f06b799e68ca144c022e,12.0,14.0
stage3b_raw_recovery_reasons.csv,tables\stage3b_raw_recovery_reasons.csv,2769a48d2d90e233f6254be0f9bdb6c380a71d4e30170796c4fb45ae015d4518,32.0,6.0
stage4_bootstrap_sensitivity.csv,tables\stage4_bootstrap_sensitivity.csv,8daf7938674b1c87856e661fa61976bcb6e5b0addb5f626d242f3ea9985b212e,12.0,9.0
stage4_economic_calendar.csv,tables\stage4_economic_calendar.csv,9ace4af5f7a60ff993df8914d0e22284f7ed9f3ee37d1787b8256d5a79151b02,1269.0,11.0
stage4_model_return_comparison.csv,tables\stage4_model_return_comparison.csv,065c829e8cae6c69418b779ea1998c5ace0947bb17a2a1d68af4c807f482e60c,6.0,9.0
stage4_performance_summary.csv,tables\stage4_performance_summary.csv,51e23e2dddef726019c93660fa8686fc0fe12d08645cf4d6cccf6ef281ea998b,6.0,31.0
stage4_quote_quality_pnl_sensitivity.csv,tables\stage4_quote_quality_pnl_sensitivity.csv,b3be45bff17392ef78f214fdbd87c8b861d198e1d9a9ac297246d08c3d9af548,24.0,11.0
stage4_quote_source_attribution.csv,tables\stage4_quote_source_attribution.csv,8c7bb6ecb9b6af3400a415e4dc255ab090479e4216cb6142279f66f674e8836b,6.0,11.0
stage4_signal_pnl_correlations.csv,tables\stage4_signal_pnl_correlations.csv,f5db8259935c4e1ce36c4acb34775eec5e16bc83081aa7dcefda2edbb19b7a3f,15.0,6.0
stage4_transaction_cost_wedge.csv,tables\stage4_transaction_cost_wedge.csv,340f77dd551617746124f9647e7ab341123864b0af0a1289401d33094244124e,3.0,15.0
stage5_bootstrap_sensitivity.csv,tables\stage5_bootstrap_sensitivity.csv,c7dbb8a609ab45d866637913a907b52b4f42c37487de627ee390a0064e66eeb1,48.0,10.0
stage5_dgvt_subset_summary.csv,tables\stage5_dgvt_subset_summary.csv,7d6029d482f470d0b01c71993a5137e6ec81ecba475ad6e627249550a118fb2e,15.0,14.0
stage5_exposure_reduction.csv,tables\stage5_exposure_reduction.csv,18a3458f0d58e67c0dfee65edbe40b86205f48d84b333c628c717aba57f8e685,24.0,11.0
stage5_greek_exposure_summary.csv,tables\stage5_greek_exposure_summary.csv,77bc3bf17cddc2ce7dd362bf311c4eb902faf97a45952e246cfab7c32a1be579,63.0,11.0
stage5_greek_quality.csv,tables\stage5_greek_quality.csv,8c986eae2b159fea3fc3e7ddd9008f430e6048874839212af03796431f4e1cdd,3.0,15.0
stage5_performance_summary.csv,tables\stage5_performance_summary.csv,66cf9cff858da415b0e505a19616157bc50efd841a7afb11c1ae201b14a44e67,24.0,28.0
stage5_pnl_attribution_summary.csv,tables\stage5_pnl_attribution_summary.csv,fd6629d9cefbc421898268b05b9e66428c36cfa377dbf9b5f888c66b5a42246a,12.0,14.0
stage5_signal_alignment.csv,tables\stage5_signal_alignment.csv,765dfb3282d7588e122203038e17a8dcf526dfa3a4e0b0833f890a33d0b50525,24.0,6.0
stage5_underlying_spot_consistency.csv,tables\stage5_underlying_spot_consistency.csv,cb58cdd7200ec5c1bd1c844152eec73c404f7546ac934d64212f835c94f3990b,418.0,7.0
stage5_vega_balance_diagnostics.csv,tables\stage5_vega_balance_diagnostics.csv,99bbd86c0894699fa0f251421fd835b6e467c549997db450c9f0af8220ab1868,3.0,10.0
stage6_bootstrap_inference_sensitivity.csv,tables\stage6_bootstrap_inference_sensitivity.csv,2e56dab993dbfedf4afae274f3fe44808aa4f1609829e28b006a02b0e792bdcb,48.0,10.0
stage6_full_chain_summary.csv,tables\stage6_full_chain_summary.csv,934b278ce13fbe2686b25e86f798396b0a16341cad6900d728c37398733b4baf,3.0,18.0
stage6_greek_component_inference.csv,tables\stage6_greek_component_inference.csv,56b83a8445a808d26e2079194fceb75203c82acdefa19dd2aa992c8ac86cc068,12.0,15.0
stage6_hedge_cost_break_even.csv,tables\stage6_hedge_cost_break_even.csv,f3dba3f96dbcbd18df66b289781a756f0db099aed8182525ef51465f75c2b3b3,6.0,15.0
stage6_hedge_cost_stress.csv,tables\stage6_hedge_cost_stress.csv,cf424700eb7d7380b6d62dcf4d232f1687c3bff6e2a7e8101c8bc1f0b6e4a039,24.0,9.0
stage6_inference_sensitivity.csv,tables\stage6_inference_sensitivity.csv,af86f7dc12a051756b48dd7aba3849b2ded7dee2c9bbdfc4205d3ce6a1659297,72.0,15.0
stage6_iv_regime_stability.csv,tables\stage6_iv_regime_stability.csv,56387412191eb4b95c54c57d10368aae2b9bc6e5faab03a98da6bf2f5ca3aa7f,36.0,13.0
stage6_model_ranking.csv,tables\stage6_model_ranking.csv,5872596358383de71ca04071694dce65be4899886c7493bcda2b2db79312b0ad,3.0,7.0
stage6_multiple_testing.csv,tables\stage6_multiple_testing.csv,5b2bda58ea55cef854fbd240f44fedb7f7c89236cae74f855a00584470ae7c85,48.0,11.0
stage6_normalization_sensitivity.csv,tables\stage6_normalization_sensitivity.csv,ac3550f4c2ab654fa6faacbb28bd3c651f38408fbbd1d75510ba604b4728b702,24.0,11.0
stage6_paired_bootstrap_sensitivity.csv,tables\stage6_paired_bootstrap_sensitivity.csv,a5c05a33ac6c034df1eee0f9aff6db37f9607fabdcf492c4435ec7a896de8633,24.0,11.0
stage6_quote_source_check.csv,tables\stage6_quote_source_check.csv,f12efbbf5cc7919ff179455016a37afa1170ac896164b29b8e550cc5cce238dc,6.0,11.0
stage6_risk_control_effects.csv,tables\stage6_risk_control_effects.csv,6b38a5b17343fbdee19e181919b6767917e9c1269a2bd95c92246fb43f5ae93d,12.0,23.0
stage6_subperiod_stability.csv,tables\stage6_subperiod_stability.csv,dc46748a7aaa9b5dc5180805fe59e2c6790cd00b252ad7a18652871a3ebf481c,36.0,13.0
