region_type,region,model,n,RMSE,MAE,QLIKE,QLIKE_n
moneyness_region,central,persistence,57674,0.01377912390295997,0.009155357659245349,0.016735404861576743,57674
moneyness_region,central,arima,57674,0.011948563522102525,0.008246523457838053,0.011847546511275266,57674
moneyness_region,central,ridge,57674,0.012134063237388802,0.00849221000981604,0.012089092741704142,57674
moneyness_region,central,xgboost,57674,0.012288754358399307,0.00864599045760624,0.012245080226026295,57674
moneyness_region,lower,persistence,56052,0.012855684579364568,0.008747894570911702,0.007090565573490569,56052
moneyness_region,lower,arima,56052,0.011657922285445602,0.00813173220781995,0.005671928488428509,56052
moneyness_region,lower,ridge,56052,0.011714130873160969,0.00822618532861203,0.005714530458791447,56052
moneyness_region,lower,xgboost,56052,0.012256360342337161,0.008732334310254714,0.0063525365635051,56052
moneyness_region,upper,persistence,45334,0.011782359858346475,0.007909632197862806,0.017394613078636042,45334
moneyness_region,upper,arima,45334,0.010107050907997593,0.007182739302192059,0.012535165467937426,45334
moneyness_region,upper,ridge,45334,0.010277587518534203,0.007500729740291274,0.012634064339210004,45334
moneyness_region,upper,xgboost,45334,0.010329044258076679,0.007627421646427495,0.012760991860937076,45334
maturity_region,long,persistence,41307,0.015637558591096144,0.010636902668904132,0.01978254363381222,41307
maturity_region,long,arima,41307,0.012981492327106643,0.00923197252505413,0.01302152147476157,41307
maturity_region,long,ridge,41307,0.01323037770029274,0.009557449237476874,0.013371354777559888,41307
maturity_region,long,xgboost,41307,0.01363144759745232,0.009977053558609563,0.013886276775085344,41307
maturity_region,medium,persistence,64730,0.012467565824494532,0.008570144339819789,0.013581653051006844,64730
maturity_region,medium,arima,64730,0.010998128348670793,0.007839899249152175,0.009760682660701687,64730
maturity_region,medium,ridge,64730,0.011005111436042889,0.00793800968447242,0.009665687429851728,64730
maturity_region,medium,xgboost,64730,0.011220542828589294,0.00819972860171608,0.00987679191502198,64730
maturity_region,short,persistence,53023,0.010938925497887737,0.007219779501820221,0.008579438714241036,53023
maturity_region,short,arima,53023,0.010361125943712834,0.006944352142572453,0.007540096717706716,53023
maturity_region,short,ridge,53023,0.010550035519973754,0.007209984717264195,0.007775858960903764,53023
maturity_region,short,xgboost,53023,0.010762016353501727,0.007374245244421413,0.008069644607610409,53023
