model,portfolio_state,implementation,mean,median,HAC_standard_error,HAC_t_stat,raw_p,HAC_lag,n_days,holm_adjusted_p,holm_reject_5pct,BH_adjusted_p,BH_reject_5pct,family_size
arima,DELTA_NEUTRAL,BID_ASK,-0.01002306118010521,-0.009502122603090813,0.00038606272450074597,-25.96226090738745,1.3220513560476004e-148,1,408,1.0576410848380803e-147,True,3.172923254514241e-148,True,12
arima,ORIGINAL,BID_ASK,-0.011526246103911715,-0.010266541935220896,0.0016681695295424224,-6.909517228188044,4.863058120078023e-12,1,408,1.945223248031209e-11,True,6.484077493437364e-12,True,12
arima,VEGA_BALANCED,BID_ASK,-0.010305774548988742,-0.010697948436769944,0.0017099486203311755,-6.026949831388948,1.670828383442681e-09,1,408,5.012485150328043e-09,True,2.0049940601312173e-09,True,12
arima,VEGA_BALANCED_DELTA_NEUTRAL,BID_ASK,-0.010363924295266025,-0.009840682944325541,0.0003826615361291211,-27.083788979953635,1.52852291698064e-161,1,408,1.3756706252825759e-160,True,4.58556875094192e-161,True,12
ridge,DELTA_NEUTRAL,BID_ASK,-0.011158035521046258,-0.01012273569807002,0.00043601070357587537,-25.5911963388406,1.911766089554854e-144,1,408,1.3382362626883978e-143,True,3.8235321791097085e-144,True,12
ridge,ORIGINAL,BID_ASK,-0.011740269405572374,-0.010663166485676279,0.0021038784575750347,-5.580298312053825,2.401064243624227e-08,1,408,2.401064243624227e-08,True,2.401064243624227e-08,True,12
ridge,VEGA_BALANCED,BID_ASK,-0.012358671843534513,-0.011649831819670766,0.002127869670301705,-5.808002255035763,6.322266534402663e-09,1,408,1.2644533068805327e-08,True,6.897018037530178e-09,True,12
ridge,VEGA_BALANCED_DELTA_NEUTRAL,BID_ASK,-0.01190900239413546,-0.010568995131271063,0.00040644804441865756,-29.3001837692906,1.0315540344619789e-188,1,408,1.0315540344619789e-187,True,4.1262161378479156e-188,True,12
xgboost,DELTA_NEUTRAL,BID_ASK,-0.01017110223644902,-0.009544375418897712,0.00026003234678165417,-39.1147576920096,0.0,1,408,0.0,True,0.0,True,12
xgboost,ORIGINAL,BID_ASK,-0.013887681760772957,-0.009390063593031503,0.001628418452792421,-8.528324975044514,1.4848193439446347e-17,1,408,7.424096719723173e-17,True,2.2272290159169522e-17,True,12
xgboost,VEGA_BALANCED,BID_ASK,-0.013886926929468201,-0.009530770922975447,0.0016205221874285435,-8.569414869600811,1.0401217898152166e-17,1,408,6.240730738891299e-17,True,1.783065925397514e-17,True,12
xgboost,VEGA_BALANCED_DELTA_NEUTRAL,BID_ASK,-0.010383195970881318,-0.01001963938298673,0.0002350273574807898,-44.17866959053902,0.0,1,408,0.0,True,0.0,True,12
arima,DELTA_NEUTRAL,BID_ASK,-0.01002306118010521,-0.009502122603090813,0.0003811329693833219,-26.29806913928924,2.017756556510101e-152,5,408,1.6142052452080808e-151,True,4.842615735624242e-152,True,12
arima,ORIGINAL,BID_ASK,-0.011526246103911715,-0.010266541935220896,0.0017331460478563455,-6.65047594700287,2.9214674386641504e-11,5,408,1.1685869754656601e-10,True,3.8952899182188674e-11,True,12
arima,VEGA_BALANCED,BID_ASK,-0.010305774548988742,-0.010697948436769944,0.0017453308678701926,-5.904768395900063,3.5314250952112047e-09,5,408,1.0594275285633614e-08,True,4.237710114253445e-09,True,12
arima,VEGA_BALANCED_DELTA_NEUTRAL,BID_ASK,-0.010363924295266025,-0.009840682944325541,0.0003942931237345445,-26.28482129514252,2.8599200903541413e-152,5,408,2.0019440632478988e-151,True,5.719840180708283e-152,True,12
ridge,DELTA_NEUTRAL,BID_ASK,-0.011158035521046258,-0.01012273569807002,0.0004183264744471206,-26.673032195232746,9.676413292222851e-157,5,408,8.708771963000565e-156,True,2.9029239876668555e-156,True,12
ridge,ORIGINAL,BID_ASK,-0.011740269405572374,-0.010663166485676279,0.0021609936515097224,-5.432810687514207,5.54732516029005e-08,5,408,5.54732516029005e-08,True,5.54732516029005e-08,True,12
ridge,VEGA_BALANCED,BID_ASK,-0.012358671843534513,-0.011649831819670766,0.0022202753153640654,-5.566278991624972,2.6023647338509794e-08,5,408,5.204729467701959e-08,True,2.8389433460192503e-08,True,12
ridge,VEGA_BALANCED_DELTA_NEUTRAL,BID_ASK,-0.01190900239413546,-0.010568995131271063,0.00037921560185947564,-31.4043049276979,1.7672918571222612e-216,5,408,1.7672918571222612e-215,True,7.069167428489045e-216,True,12
xgboost,DELTA_NEUTRAL,BID_ASK,-0.01017110223644902,-0.009544375418897712,0.00027892140494266356,-36.46583609651556,3.8602933050853106e-291,5,408,4.2463226355938414e-290,True,2.3161759830511865e-290,True,12
xgboost,ORIGINAL,BID_ASK,-0.013887681760772957,-0.009390063593031503,0.0015423967055053149,-9.003962282338456,2.1771496785926955e-19,5,408,1.0885748392963477e-18,True,3.2657245178890435e-19,True,12
xgboost,VEGA_BALANCED,BID_ASK,-0.013886926929468201,-0.009530770922975447,0.0015309469165928466,-9.070808908498167,1.1813667495809443e-19,5,408,7.088200497485666e-19,True,2.0252001421387617e-19,True,12
xgboost,VEGA_BALANCED_DELTA_NEUTRAL,BID_ASK,-0.010383195970881318,-0.01001963938298673,0.00024692712207858273,-42.0496374941629,0.0,5,408,0.0,True,0.0,True,12
arima,DELTA_NEUTRAL,BID_ASK,-0.01002306118010521,-0.009502122603090813,0.0003791156397430324,-26.438005002639617,5.012980012734883e-154,10,408,4.0103840101879063e-153,True,1.2031152030563718e-153,True,12
arima,ORIGINAL,BID_ASK,-0.011526246103911715,-0.010266541935220896,0.0016764203222284755,-6.875510843599058,6.176810806461045e-12,10,408,2.470724322584418e-11,True,8.235747741948059e-12,True,12
arima,VEGA_BALANCED,BID_ASK,-0.010305774548988742,-0.010697948436769944,0.0016914693957285312,-6.092793978427231,1.1095682355472623e-09,10,408,3.328704706641787e-09,True,1.3314818826567148e-09,True,12
arima,VEGA_BALANCED_DELTA_NEUTRAL,BID_ASK,-0.010363924295266025,-0.009840682944325541,0.0004109149903003452,-25.221577552307934,2.323021694385087e-140,10,408,1.6261151860695609e-139,True,4.646043388770174e-140,True,12
ridge,DELTA_NEUTRAL,BID_ASK,-0.011158035521046258,-0.01012273569807002,0.00040388710268257817,-27.626620030537467,5.330000628841404e-168,10,408,4.797000565957264e-167,True,1.5990001886524213e-167,True,12
ridge,ORIGINAL,BID_ASK,-0.011740269405572374,-0.010663166485676279,0.002174992698541457,-5.397843134574823,6.744679633091003e-08,10,408,6.744679633091003e-08,True,6.744679633091003e-08,True,12
ridge,VEGA_BALANCED,BID_ASK,-0.012358671843534513,-0.011649831819670766,0.0022293350737841986,-5.543658281281245,2.9621665889843787e-08,10,408,5.9243331779687574e-08,True,3.231454460710231e-08,True,12
ridge,VEGA_BALANCED_DELTA_NEUTRAL,BID_ASK,-0.01190900239413546,-0.010568995131271063,0.00036781252473426913,-32.37791427233009,5.616370047309622e-230,10,408,5.616370047309622e-229,True,2.2465480189238488e-229,True,12
xgboost,DELTA_NEUTRAL,BID_ASK,-0.01017110223644902,-0.009544375418897712,0.00029180976140050197,-34.85525017269528,3.545169146314387e-266,10,408,3.899686060945826e-265,True,2.1271014877886322e-265,True,12
xgboost,ORIGINAL,BID_ASK,-0.013887681760772957,-0.009390063593031503,0.0013781220400750848,-10.077251039404537,6.964739806223784e-24,10,408,3.482369903111892e-23,True,1.0447109709335675e-23,True,12
xgboost,VEGA_BALANCED,BID_ASK,-0.013886926929468201,-0.009530770922975447,0.0013509963063288565,-10.279026570549238,8.760793310182632e-25,10,408,5.256475986109579e-24,True,1.501850281745594e-24,True,12
xgboost,VEGA_BALANCED_DELTA_NEUTRAL,BID_ASK,-0.010383195970881318,-0.01001963938298673,0.0002522734243336623,-41.158500933290036,0.0,10,408,0.0,True,0.0,True,12
arima,DELTA_NEUTRAL,MID,0.0003639537165875908,0.00032262284658754253,0.00032509147627452834,1.1195424769619133,0.26290878012724017,1,408,1.0,False,0.9252643735987559,False,12
arima,ORIGINAL,MID,-0.0011422347599463732,-7.968250422257609e-05,0.0016833615024402498,-0.6785439481006048,0.49742686856011187,1,408,1.0,False,0.9252643735987559,False,12
arima,VEGA_BALANCED,MID,0.0003812997660610211,-0.0011693656800842432,0.0017374997626202178,0.21945313275093967,0.8262970846285459,1,408,1.0,False,0.9252643735987559,False,12
arima,VEGA_BALANCED_DELTA_NEUTRAL,MID,0.0003221574310725092,0.000250547362299105,0.00031969145877201423,1.0077136008261438,0.3135919737297014,1,408,1.0,False,0.9252643735987559,False,12
ridge,DELTA_NEUTRAL,MID,0.00017713735490014856,-0.0001219820589183421,0.0004136989204327624,0.4281793984737704,0.6685205140574901,1,408,1.0,False,0.9252643735987559,False,12
ridge,ORIGINAL,MID,-0.0004020902436368339,-0.000392498467019456,0.0021000397182244644,-0.19146792327184717,0.848159009132193,1,408,1.0,False,0.9252643735987559,False,12
ridge,VEGA_BALANCED,MID,-0.0006947514611259857,-0.0005226156711022228,0.002122854522655449,-0.3272722900752194,0.7434619487757046,1,408,1.0,False,0.9252643735987559,False,12
ridge,VEGA_BALANCED_DELTA_NEUTRAL,MID,-0.000241501158142406,-0.0001979476762313621,0.0003495854917640193,-0.6908214552148133,0.4896777507309945,1,408,1.0,False,0.9252643735987559,False,12
xgboost,DELTA_NEUTRAL,MID,2.4831839450795973e-06,-3.086436567405528e-05,0.00019937173294382553,0.012455045198304144,0.9900625686620602,1,408,1.0,False,0.9900625686620602,False,12
xgboost,ORIGINAL,MID,-0.0037088442671862486,9.427257604593644e-05,0.001626587440375786,-2.28013826685481,0.02259948927723698,1,408,0.27119387132684375,False,0.15642664307604492,False,12
xgboost,VEGA_BALANCED,MID,-0.0036071781291922914,4.365315254273948e-06,0.0016210936830050593,-2.2251509379183925,0.026071107179340823,1,408,0.28678217897274905,False,0.15642664307604492,False,12
xgboost,VEGA_BALANCED_DELTA_NEUTRAL,MID,-0.00010539563727637028,-0.00014592422776937969,0.00018529998902607807,-0.5687838290240672,0.5695028501550408,1,408,1.0,False,0.9252643735987559,False,12
arima,DELTA_NEUTRAL,MID,0.0003639537165875908,0.00032262284658754253,0.00029069195138391705,1.2520254339856718,0.21056059633928348,5,408,1.0,False,0.8422423853571339,False,12
arima,ORIGINAL,MID,-0.0011422347599463732,-7.968250422257609e-05,0.0017674391027424363,-0.6462654120156283,0.5181074837050296,5,408,1.0,False,0.9316136475128054,False,12
arima,VEGA_BALANCED,MID,0.0003812997660610211,-0.0011693656800842432,0.001804448630401797,0.2113109565087019,0.8326446338976743,5,408,1.0,False,0.9316136475128054,False,12
arima,VEGA_BALANCED_DELTA_NEUTRAL,MID,0.0003221574310725092,0.000250547362299105,0.0003308582139871722,0.9737023820270022,0.33020433423755424,5,408,1.0,False,0.9316136475128054,False,12
ridge,DELTA_NEUTRAL,MID,0.00017713735490014856,-0.0001219820589183421,0.0004141544713250997,0.42770842080587007,0.6688634183314588,5,408,1.0,False,0.9316136475128054,False,12
ridge,ORIGINAL,MID,-0.0004020902436368339,-0.000392498467019456,0.002184754246345238,-0.18404369475856117,0.8539791768867383,5,408,1.0,False,0.9316136475128054,False,12
ridge,VEGA_BALANCED,MID,-0.0006947514611259857,-0.0005226156711022228,0.0022334440755059364,-0.3110673191889102,0.755749445000296,5,408,1.0,False,0.9316136475128054,False,12
ridge,VEGA_BALANCED_DELTA_NEUTRAL,MID,-0.000241501158142406,-0.0001979476762313621,0.0003165192339749653,-0.7629904669916747,0.4454690811842972,5,408,1.0,False,0.9316136475128054,False,12
xgboost,DELTA_NEUTRAL,MID,2.4831839450795973e-06,-3.086436567405528e-05,0.00021170576572488323,0.011729411036950821,0.9906414986158051,5,408,1.0,False,0.9906414986158051,False,12
xgboost,ORIGINAL,MID,-0.0037088442671862486,9.427257604593644e-05,0.0015823065395016117,-2.3439480117136107,0.01908083084956165,5,408,0.2289699701947398,False,0.1304344017037919,False,12
xgboost,VEGA_BALANCED,MID,-0.0036071781291922914,4.365315254273948e-06,0.0015718261879130583,-2.294896316736906,0.021739066950631984,5,408,0.23912973645695182,False,0.1304344017037919,False,12
xgboost,VEGA_BALANCED_DELTA_NEUTRAL,MID,-0.00010539563727637028,-0.00014592422776937969,0.0001880774640957685,-0.5603841894779226,0.5752174134852925,5,408,1.0,False,0.9316136475128054,False,12
arima,DELTA_NEUTRAL,MID,0.0003639537165875908,0.00032262284658754253,0.00028051354192024205,1.2974550679306345,0.19447465554025323,10,408,1.0,False,0.7778986221610129,False,12
arima,ORIGINAL,MID,-0.0011422347599463732,-7.968250422257609e-05,0.0017191254105599,-0.6644278264576171,0.5064165279763986,10,408,1.0,False,0.932984996940916,False,12
arima,VEGA_BALANCED,MID,0.0003812997660610211,-0.0011693656800842432,0.001769768673286559,0.21545175469341193,0.8294151229011993,10,408,1.0,False,0.932984996940916,False,12
arima,VEGA_BALANCED_DELTA_NEUTRAL,MID,0.0003221574310725092,0.000250547362299105,0.00034051791031306053,0.9460807238489413,0.34410741471674056,10,408,1.0,False,0.932984996940916,False,12
ridge,DELTA_NEUTRAL,MID,0.00017713735490014856,-0.0001219820589183421,0.0004174257719803486,0.42435653663590184,0.6713058131824341,10,408,1.0,False,0.932984996940916,False,12
ridge,ORIGINAL,MID,-0.0004020902436368339,-0.000392498467019456,0.0022039404835449486,-0.18244151629271202,0.8552362471958396,10,408,1.0,False,0.932984996940916,False,12
ridge,VEGA_BALANCED,MID,-0.0006947514611259857,-0.0005226156711022228,0.0022429923143280676,-0.30974313049936236,0.7567563012390707,10,408,1.0,False,0.932984996940916,False,12
ridge,VEGA_BALANCED_DELTA_NEUTRAL,MID,-0.000241501158142406,-0.0001979476762313621,0.00030306532454213924,-0.7968617277719173,0.42553134047773966,10,408,1.0,False,0.932984996940916,False,12
xgboost,DELTA_NEUTRAL,MID,2.4831839450795973e-06,-3.086436567405528e-05,0.00022203660141946742,0.011183669400471434,0.9910769088610977,10,408,1.0,False,0.9910769088610977,False,12
xgboost,ORIGINAL,MID,-0.0037088442671862486,9.427257604593644e-05,0.0014237633889272819,-2.6049583069983506,0.009188544042465215,10,408,0.11026252850958258,False,0.059255874468380224,False,12
xgboost,VEGA_BALANCED,MID,-0.0036071781291922914,4.365315254273948e-06,0.0013980542900689516,-2.580141668900701,0.00987597907806337,10,408,0.11026252850958258,False,0.059255874468380224,False,12
xgboost,VEGA_BALANCED_DELTA_NEUTRAL,MID,-0.00010539563727637028,-0.00014592422776937969,0.0001931371943194078,-0.5457034707777123,0.5852697857673084,10,408,1.0,False,0.932984996940916,False,12
