model,decision_date,entry_date,intended_exit_date,number_selected_nodes,decision_session,entry_snapshot_session,exit_snapshot_session,economic_calendar_eligible,n_mapped_contracts,n_active_contracts
arima,2023-04-21,2023-04-24,2023-04-25,20,True,True,True,True,19,19
arima,2023-04-24,2023-04-25,2023-04-26,20,True,True,True,True,19,19
arima,2023-04-25,2023-04-26,2023-04-27,20,True,True,True,True,20,20
arima,2023-04-26,2023-04-27,2023-04-28,20,True,True,True,True,20,20
arima,2023-04-27,2023-04-28,2023-05-01,20,True,True,True,True,20,20
arima,2023-04-28,2023-05-01,2023-05-02,20,True,True,True,True,19,19
arima,2023-05-01,2023-05-02,2023-05-03,20,True,True,True,True,19,19
arima,2023-05-02,2023-05-03,2023-05-04,20,True,True,True,True,20,20
arima,2023-05-03,2023-05-04,2023-05-05,20,True,True,True,True,20,20
arima,2023-05-04,2023-05-05,2023-05-08,20,True,True,True,True,19,19
arima,2023-05-05,2023-05-08,2023-05-09,20,True,True,True,True,19,18
arima,2023-05-08,2023-05-09,2023-05-10,20,True,True,True,True,18,17
arima,2023-05-09,2023-05-10,2023-05-11,20,True,True,True,True,18,18
arima,2023-05-10,2023-05-11,2023-05-12,20,True,True,True,True,18,16
arima,2023-05-11,2023-05-12,2023-05-15,20,True,True,True,True,20,20
arima,2023-05-12,2023-05-15,2023-05-16,20,True,True,True,True,18,18
arima,2023-05-15,2023-05-16,2023-05-17,20,True,True,True,True,20,20
arima,2023-05-16,2023-05-17,2023-05-18,20,True,True,True,True,19,19
arima,2023-05-17,2023-05-18,2023-05-19,20,True,True,True,True,20,20
arima,2023-05-18,2023-05-19,2023-05-22,20,True,True,True,True,20,20
arima,2023-05-19,2023-05-22,2023-05-23,20,True,True,True,True,18,18
arima,2023-05-22,2023-05-23,2023-05-24,20,True,True,True,True,18,18
arima,2023-05-23,2023-05-24,2023-05-25,20,True,True,True,True,20,20
arima,2023-05-24,2023-05-25,2023-05-26,20,True,True,True,True,20,20
arima,2023-05-25,2023-05-26,2023-05-30,20,True,True,True,True,20,20
arima,2023-05-26,2023-05-30,2023-05-31,20,True,True,True,True,20,20
arima,2023-05-30,2023-05-31,2023-06-01,20,True,True,True,True,20,20
arima,2023-05-31,2023-06-01,2023-06-02,20,True,True,True,True,20,20
arima,2023-06-01,2023-06-02,2023-06-05,20,True,True,True,True,20,20
arima,2023-06-02,2023-06-05,2023-06-06,20,True,True,True,True,20,20
arima,2023-06-05,2023-06-06,2023-06-07,20,True,True,True,True,19,19
arima,2023-06-06,2023-06-07,2023-06-08,20,True,True,True,True,20,20
arima,2023-06-07,2023-06-08,2023-06-09,20,True,True,True,True,19,19
arima,2023-06-08,2023-06-09,2023-06-12,20,True,True,True,True,20,20
arima,2023-06-09,2023-06-12,2023-06-13,20,True,True,True,True,19,19
arima,2023-06-12,2023-06-13,2023-06-14,20,True,True,True,True,18,18
arima,2023-06-13,2023-06-14,2023-06-15,20,True,True,True,True,19,19
arima,2023-06-14,2023-06-15,2023-06-16,20,True,True,True,True,20,20
arima,2023-06-15,2023-06-16,2023-06-20,20,True,True,True,True,19,19
arima,2023-06-16,2023-06-20,2023-06-21,20,True,True,True,True,17,17
arima,2023-06-20,2023-06-21,2023-06-22,20,True,True,True,True,19,19
arima,2023-06-21,2023-06-22,2023-06-23,20,True,True,True,True,19,18
arima,2023-06-22,2023-06-23,2023-06-26,20,True,True,True,True,19,18
arima,2023-06-23,2023-06-26,2023-06-27,20,True,True,True,True,19,19
arima,2023-06-26,2023-06-27,2023-06-28,20,True,True,True,True,19,19
arima,2023-06-27,2023-06-28,2023-06-29,20,True,True,True,True,20,20
arima,2023-06-28,2023-06-29,2023-06-30,20,True,True,True,True,19,18
arima,2023-06-29,2023-06-30,2023-07-03,20,True,True,False,False,20,20
arima,2023-06-30,2023-07-03,2023-07-05,20,True,False,True,False,0,0
arima,2023-07-03,2023-07-05,2023-07-06,20,True,True,True,True,19,19
arima,2023-07-05,2023-07-06,2023-07-07,20,True,True,True,True,18,18
arima,2023-07-06,2023-07-07,2023-07-10,20,True,True,True,True,20,20
arima,2023-07-07,2023-07-10,2023-07-11,20,True,True,True,True,18,18
arima,2023-07-10,2023-07-11,2023-07-12,20,True,True,True,True,20,20
arima,2023-07-11,2023-07-12,2023-07-13,20,True,True,True,True,20,20
arima,2023-07-12,2023-07-13,2023-07-14,20,True,True,True,True,19,19
arima,2023-07-13,2023-07-14,2023-07-17,20,True,True,True,True,20,20
arima,2023-07-14,2023-07-17,2023-07-18,20,True,True,True,True,18,18
arima,2023-07-17,2023-07-18,2023-07-19,20,True,True,True,True,19,19
arima,2023-07-18,2023-07-19,2023-07-20,20,True,True,True,True,19,19
arima,2023-07-19,2023-07-20,2023-07-21,20,True,True,True,True,19,19
arima,2023-07-20,2023-07-21,2023-07-24,20,True,True,True,True,16,16
arima,2023-07-21,2023-07-24,2023-07-25,20,True,True,True,True,18,18
arima,2023-07-24,2023-07-25,2023-07-26,20,True,True,True,True,16,16
arima,2023-07-25,2023-07-26,2023-07-27,20,True,True,True,True,19,19
arima,2023-07-26,2023-07-27,2023-07-28,20,True,True,True,True,20,20
arima,2023-07-27,2023-07-28,2023-07-31,20,True,True,True,True,20,20
arima,2023-07-28,2023-07-31,2023-08-01,20,True,True,True,True,17,17
arima,2023-07-31,2023-08-01,2023-08-02,20,True,True,True,True,19,19
arima,2023-08-01,2023-08-02,2023-08-03,20,True,True,True,True,20,20
arima,2023-08-02,2023-08-03,2023-08-04,20,True,True,True,True,19,19
arima,2023-08-03,2023-08-04,2023-08-07,20,True,True,True,True,20,20
arima,2023-08-04,2023-08-07,2023-08-08,20,True,True,True,True,19,19
arima,2023-08-07,2023-08-08,2023-08-09,20,True,True,True,True,18,18
arima,2023-08-08,2023-08-09,2023-08-10,20,True,True,True,True,17,15
arima,2023-08-09,2023-08-10,2023-08-11,20,True,True,True,True,18,18
arima,2023-08-10,2023-08-11,2023-08-14,20,True,True,True,True,19,19
arima,2023-08-11,2023-08-14,2023-08-15,20,True,True,True,True,17,17
arima,2023-08-14,2023-08-15,2023-08-16,20,True,True,True,True,18,18
arima,2023-08-15,2023-08-16,2023-08-17,20,True,True,True,True,20,20
arima,2023-08-16,2023-08-17,2023-08-18,20,True,True,True,True,17,17
arima,2023-08-17,2023-08-18,2023-08-21,20,True,True,True,True,18,18
arima,2023-08-18,2023-08-21,2023-08-22,20,True,True,True,True,19,19
arima,2023-08-21,2023-08-22,2023-08-23,20,True,True,True,True,20,20
arima,2023-08-22,2023-08-23,2023-08-24,20,True,True,True,True,19,19
arima,2023-08-23,2023-08-24,2023-08-25,20,True,True,True,True,19,19
arima,2023-08-24,2023-08-25,2023-08-28,20,True,True,True,True,18,17
arima,2023-08-25,2023-08-28,2023-08-29,20,True,True,True,True,19,19
arima,2023-08-28,2023-08-29,2023-08-30,20,True,True,True,True,19,19
arima,2023-08-29,2023-08-30,2023-08-31,20,True,True,True,True,20,20
arima,2023-08-30,2023-08-31,2023-09-01,20,True,True,True,True,19,19
arima,2023-08-31,2023-09-01,2023-09-05,20,True,True,True,True,17,16
arima,2023-09-01,2023-09-05,2023-09-06,20,True,True,True,True,18,18
arima,2023-09-05,2023-09-06,2023-09-07,20,True,True,True,True,19,19
arima,2023-09-06,2023-09-07,2023-09-08,20,True,True,True,True,19,19
arima,2023-09-07,2023-09-08,2023-09-11,20,True,True,True,True,20,20
arima,2023-09-08,2023-09-11,2023-09-12,20,True,True,True,True,20,20
arima,2023-09-11,2023-09-12,2023-09-13,20,True,True,True,True,19,19
arima,2023-09-12,2023-09-13,2023-09-14,20,True,True,True,True,19,19
arima,2023-09-13,2023-09-14,2023-09-15,20,True,True,True,True,20,20
arima,2023-09-14,2023-09-15,2023-09-18,20,True,True,True,True,19,19
arima,2023-09-15,2023-09-18,2023-09-19,20,True,True,True,True,19,19
arima,2023-09-18,2023-09-19,2023-09-20,20,True,True,True,True,19,19
arima,2023-09-19,2023-09-20,2023-09-21,20,True,True,True,True,20,20
arima,2023-09-20,2023-09-21,2023-09-22,20,True,True,True,True,20,20
arima,2023-09-21,2023-09-22,2023-09-25,20,True,True,True,True,19,18
arima,2023-09-22,2023-09-25,2023-09-26,20,True,True,True,True,19,18
arima,2023-09-25,2023-09-26,2023-09-27,20,True,True,True,True,20,20
arima,2023-09-26,2023-09-27,2023-09-28,20,True,True,True,True,20,20
arima,2023-09-27,2023-09-28,2023-09-29,20,True,True,True,True,19,18
arima,2023-09-28,2023-09-29,2023-10-02,20,True,True,True,True,19,19
arima,2023-09-29,2023-10-02,2023-10-03,20,True,True,True,True,18,18
arima,2023-10-02,2023-10-03,2023-10-04,20,True,True,True,True,19,19
arima,2023-10-03,2023-10-04,2023-10-05,20,True,True,True,True,20,20
arima,2023-10-04,2023-10-05,2023-10-06,20,True,True,True,True,19,19
arima,2023-10-05,2023-10-06,2023-10-09,20,True,True,True,True,19,19
arima,2023-10-06,2023-10-09,2023-10-10,20,True,True,True,True,0,0
arima,2023-10-10,2023-10-11,2023-10-12,20,True,True,True,True,20,20
arima,2023-10-11,2023-10-12,2023-10-13,20,True,True,True,True,20,20
arima,2023-10-12,2023-10-13,2023-10-16,20,True,True,True,True,19,19
arima,2023-10-13,2023-10-16,2023-10-17,20,True,True,True,True,18,18
arima,2023-10-16,2023-10-17,2023-10-18,20,True,True,True,True,20,20
arima,2023-10-17,2023-10-18,2023-10-19,20,True,True,True,True,18,17
arima,2023-10-18,2023-10-19,2023-10-20,20,True,True,True,True,20,20
arima,2023-10-19,2023-10-20,2023-10-23,20,True,True,True,True,19,19
arima,2023-10-20,2023-10-23,2023-10-24,20,True,True,True,True,20,20
arima,2023-10-23,2023-10-24,2023-10-25,20,True,True,True,True,20,20
arima,2023-10-24,2023-10-25,2023-10-26,20,True,True,True,True,19,19
arima,2023-10-25,2023-10-26,2023-10-27,20,True,True,True,True,19,19
arima,2023-10-26,2023-10-27,2023-10-30,20,True,True,True,True,19,19
arima,2023-10-27,2023-10-30,2023-10-31,20,True,True,True,True,17,17
arima,2023-10-30,2023-10-31,2023-11-01,20,True,True,True,True,19,19
arima,2023-10-31,2023-11-01,2023-11-02,20,True,True,True,True,0,0
arima,2023-11-02,2023-11-03,2023-11-06,20,True,True,True,True,20,20
arima,2023-11-03,2023-11-06,2023-11-07,20,True,True,True,True,20,20
arima,2023-11-06,2023-11-07,2023-11-08,20,True,True,True,True,20,20
arima,2023-11-07,2023-11-08,2023-11-09,20,True,True,True,True,19,19
arima,2023-11-08,2023-11-09,2023-11-10,20,True,True,True,True,20,20
arima,2023-11-09,2023-11-10,2023-11-13,20,True,True,True,True,20,20
arima,2023-11-10,2023-11-13,2023-11-14,20,True,True,True,True,19,19
arima,2023-11-13,2023-11-14,2023-11-15,20,True,True,True,True,18,18
arima,2023-11-14,2023-11-15,2023-11-16,20,True,True,True,True,19,19
arima,2023-11-15,2023-11-16,2023-11-17,20,True,True,True,True,17,17
arima,2023-11-16,2023-11-17,2023-11-20,20,True,True,True,True,19,19
arima,2023-11-17,2023-11-20,2023-11-21,20,True,True,True,True,20,20
arima,2023-11-20,2023-11-21,2023-11-22,20,True,True,True,True,18,18
arima,2023-11-21,2023-11-22,2023-11-24,20,True,True,False,False,18,18
arima,2023-11-22,2023-11-24,2023-11-27,20,True,False,True,False,0,0
arima,2023-11-24,2023-11-27,2023-11-28,20,True,True,True,True,17,17
arima,2023-11-27,2023-11-28,2023-11-29,20,True,True,True,True,17,17
arima,2023-11-28,2023-11-29,2023-11-30,20,True,True,True,True,18,18
arima,2023-11-29,2023-11-30,2023-12-01,20,True,True,True,True,20,20
arima,2023-11-30,2023-12-01,2023-12-04,20,True,True,True,True,19,19
arima,2023-12-01,2023-12-04,2023-12-05,20,True,True,True,True,19,19
arima,2023-12-04,2023-12-05,2023-12-06,20,True,True,True,True,18,18
arima,2023-12-05,2023-12-06,2023-12-07,20,True,True,True,True,20,20
arima,2023-12-06,2023-12-07,2023-12-08,20,True,True,True,True,19,19
arima,2023-12-07,2023-12-08,2023-12-11,20,True,True,True,True,18,17
arima,2023-12-08,2023-12-11,2023-12-12,20,True,True,True,True,20,20
arima,2023-12-11,2023-12-12,2023-12-13,20,True,True,True,True,20,20
arima,2023-12-12,2023-12-13,2023-12-14,20,True,True,True,True,20,20
arima,2023-12-13,2023-12-14,2023-12-15,20,True,True,True,True,20,20
arima,2023-12-14,2023-12-15,2023-12-18,20,True,True,True,True,19,19
arima,2023-12-15,2023-12-18,2023-12-19,20,True,True,True,True,19,19
arima,2023-12-18,2023-12-19,2023-12-20,20,True,True,True,True,18,17
arima,2023-12-19,2023-12-20,2023-12-21,20,True,True,True,True,20,20
arima,2023-12-20,2023-12-21,2023-12-22,20,True,True,True,True,20,20
arima,2023-12-21,2023-12-22,2023-12-26,20,True,True,True,True,20,20
arima,2023-12-22,2023-12-26,2023-12-27,20,True,True,True,True,18,18
arima,2023-12-26,2023-12-27,2023-12-28,20,True,True,True,True,20,20
arima,2023-12-27,2023-12-28,2023-12-29,20,True,True,True,True,20,20
arima,2023-12-28,2023-12-29,2024-01-02,20,True,True,True,True,19,19
arima,2023-12-29,2024-01-02,2024-01-03,20,True,True,True,True,20,20
arima,2024-01-02,2024-01-03,2024-01-04,20,True,True,True,True,19,19
arima,2024-01-03,2024-01-04,2024-01-05,20,True,True,True,True,20,20
arima,2024-01-04,2024-01-05,2024-01-08,20,True,True,True,True,18,18
arima,2024-01-05,2024-01-08,2024-01-09,20,True,True,True,True,17,15
arima,2024-01-08,2024-01-09,2024-01-10,20,True,True,True,True,19,19
arima,2024-01-09,2024-01-10,2024-01-11,20,True,True,True,True,20,20
arima,2024-01-10,2024-01-11,2024-01-12,20,True,True,True,True,20,20
arima,2024-01-11,2024-01-12,2024-01-16,20,True,True,True,True,20,20
arima,2024-01-12,2024-01-16,2024-01-17,20,True,True,True,True,20,20
arima,2024-01-16,2024-01-17,2024-01-18,20,True,True,True,True,19,18
arima,2024-01-17,2024-01-18,2024-01-19,20,True,True,True,True,20,20
arima,2024-01-18,2024-01-19,2024-01-22,20,True,True,True,True,20,20
arima,2024-01-19,2024-01-22,2024-01-23,20,True,True,True,True,20,20
arima,2024-01-22,2024-01-23,2024-01-24,20,True,True,True,True,18,18
arima,2024-01-23,2024-01-24,2024-01-25,20,True,True,True,True,20,20
arima,2024-01-24,2024-01-25,2024-01-26,20,True,True,True,True,20,20
arima,2024-01-25,2024-01-26,2024-01-29,20,True,True,True,True,20,20
arima,2024-01-26,2024-01-29,2024-01-30,20,True,True,True,True,16,16
arima,2024-01-29,2024-01-30,2024-01-31,20,True,True,True,True,20,20
arima,2024-01-30,2024-01-31,2024-02-01,20,True,True,True,True,19,19
arima,2024-01-31,2024-02-01,2024-02-02,20,True,True,True,True,20,20
arima,2024-02-01,2024-02-02,2024-02-05,20,True,True,True,True,20,20
arima,2024-02-02,2024-02-05,2024-02-06,20,True,True,True,True,20,20
arima,2024-02-05,2024-02-06,2024-02-07,20,True,True,True,True,16,16
arima,2024-02-06,2024-02-07,2024-02-08,20,True,True,True,True,20,20
arima,2024-02-07,2024-02-08,2024-02-09,20,True,True,True,True,19,19
arima,2024-02-08,2024-02-09,2024-02-12,20,True,True,True,True,20,20
arima,2024-02-09,2024-02-12,2024-02-13,20,True,True,True,True,20,20
arima,2024-02-12,2024-02-13,2024-02-14,20,True,True,True,True,20,20
arima,2024-02-13,2024-02-14,2024-02-15,20,True,True,True,True,20,20
arima,2024-02-14,2024-02-15,2024-02-16,20,True,True,True,True,19,19
arima,2024-02-15,2024-02-16,2024-02-20,20,True,True,True,True,19,19
arima,2024-02-16,2024-02-20,2024-02-21,20,True,True,True,True,18,18
arima,2024-02-20,2024-02-21,2024-02-22,20,True,True,True,True,20,20
arima,2024-02-21,2024-02-22,2024-02-23,20,True,True,True,True,19,19
arima,2024-02-22,2024-02-23,2024-02-26,20,True,True,True,True,20,20
arima,2024-02-23,2024-02-26,2024-02-27,20,True,True,True,True,20,20
arima,2024-02-26,2024-02-27,2024-02-28,20,True,True,True,True,20,20
arima,2024-02-27,2024-02-28,2024-02-29,20,True,True,True,True,20,20
arima,2024-02-28,2024-02-29,2024-03-01,20,True,True,True,True,19,18
arima,2024-02-29,2024-03-01,2024-03-04,20,True,True,True,True,20,20
arima,2024-03-01,2024-03-04,2024-03-05,20,True,True,True,True,20,20
arima,2024-03-04,2024-03-05,2024-03-06,20,True,True,True,True,20,20
arima,2024-03-05,2024-03-06,2024-03-07,20,True,True,True,True,20,20
arima,2024-03-06,2024-03-07,2024-03-08,20,True,True,True,True,20,20
arima,2024-03-07,2024-03-08,2024-03-11,20,True,True,True,True,19,19
arima,2024-03-08,2024-03-11,2024-03-12,20,True,True,True,True,20,20
arima,2024-03-11,2024-03-12,2024-03-13,20,True,True,True,True,20,20
arima,2024-03-12,2024-03-13,2024-03-14,20,True,True,True,True,20,20
arima,2024-03-13,2024-03-14,2024-03-15,20,True,True,True,True,20,20
arima,2024-03-14,2024-03-15,2024-03-18,20,True,True,True,True,20,20
arima,2024-03-15,2024-03-18,2024-03-19,20,True,True,True,True,20,20
arima,2024-03-18,2024-03-19,2024-03-20,20,True,True,True,True,19,19
arima,2024-03-19,2024-03-20,2024-03-21,20,True,True,True,True,20,20
arima,2024-03-20,2024-03-21,2024-03-22,20,True,True,True,True,18,18
arima,2024-03-21,2024-03-22,2024-03-25,20,True,True,True,True,20,20
arima,2024-03-22,2024-03-25,2024-03-26,20,True,True,True,True,19,19
arima,2024-03-25,2024-03-26,2024-03-27,20,True,True,True,True,20,20
arima,2024-03-26,2024-03-27,2024-03-28,20,True,True,True,True,19,19
arima,2024-03-27,2024-03-28,2024-04-01,20,True,True,True,True,18,17
arima,2024-03-28,2024-04-01,2024-04-02,20,True,True,True,True,20,20
arima,2024-04-01,2024-04-02,2024-04-03,20,True,True,True,True,20,20
arima,2024-04-02,2024-04-03,2024-04-04,20,True,True,True,True,20,20
arima,2024-04-03,2024-04-04,2024-04-05,20,True,True,True,True,20,20
arima,2024-04-04,2024-04-05,2024-04-08,20,True,True,True,True,19,19
arima,2024-04-05,2024-04-08,2024-04-09,20,True,True,True,True,18,18
arima,2024-04-08,2024-04-09,2024-04-10,20,True,True,True,True,19,18
arima,2024-04-09,2024-04-10,2024-04-11,20,True,True,True,True,19,19
arima,2024-04-10,2024-04-11,2024-04-12,20,True,True,True,True,20,20
arima,2024-04-11,2024-04-12,2024-04-15,20,True,True,True,True,20,20
arima,2024-04-12,2024-04-15,2024-04-16,20,True,True,True,True,20,20
arima,2024-04-15,2024-04-16,2024-04-17,20,True,True,True,True,20,20
arima,2024-04-16,2024-04-17,2024-04-18,20,True,True,True,True,20,20
arima,2024-04-17,2024-04-18,2024-04-19,20,True,True,True,True,20,20
arima,2024-04-18,2024-04-19,2024-04-22,20,True,True,True,True,20,20
arima,2024-04-19,2024-04-22,2024-04-23,20,True,True,True,True,20,20
arima,2024-04-22,2024-04-23,2024-04-24,20,True,True,True,True,19,18
arima,2024-04-23,2024-04-24,2024-04-25,20,True,True,True,True,20,20
arima,2024-04-24,2024-04-25,2024-04-26,20,True,True,True,True,20,20
arima,2024-04-25,2024-04-26,2024-04-29,20,True,True,True,True,18,18
arima,2024-04-26,2024-04-29,2024-04-30,20,True,True,True,True,17,17
arima,2024-04-29,2024-04-30,2024-05-01,20,True,True,True,True,20,20
arima,2024-04-30,2024-05-01,2024-05-02,20,True,True,True,True,19,19
arima,2024-05-01,2024-05-02,2024-05-03,20,True,True,True,True,18,18
arima,2024-05-02,2024-05-03,2024-05-06,20,True,True,True,True,20,20
arima,2024-05-03,2024-05-06,2024-05-07,20,True,True,True,True,20,20
arima,2024-05-06,2024-05-07,2024-05-08,20,True,True,True,True,19,19
arima,2024-05-07,2024-05-08,2024-05-09,20,True,True,True,True,20,20
arima,2024-05-08,2024-05-09,2024-05-10,20,True,True,True,True,20,20
arima,2024-05-09,2024-05-10,2024-05-13,20,True,True,True,True,18,18
arima,2024-05-10,2024-05-13,2024-05-14,20,True,True,True,True,18,18
arima,2024-05-13,2024-05-14,2024-05-15,20,True,True,True,True,19,19
arima,2024-05-14,2024-05-15,2024-05-16,20,True,True,True,True,19,19
arima,2024-05-15,2024-05-16,2024-05-17,20,True,True,True,True,19,19
arima,2024-05-16,2024-05-17,2024-05-20,20,True,True,True,True,19,19
arima,2024-05-17,2024-05-20,2024-05-21,20,True,True,True,True,20,20
arima,2024-05-20,2024-05-21,2024-05-22,20,True,True,True,True,18,17
arima,2024-05-21,2024-05-22,2024-05-23,20,True,True,True,True,18,18
arima,2024-05-22,2024-05-23,2024-05-24,20,True,True,True,True,18,18
arima,2024-05-23,2024-05-24,2024-05-28,20,True,True,True,True,16,15
arima,2024-05-24,2024-05-28,2024-05-29,20,True,True,True,True,19,19
arima,2024-05-28,2024-05-29,2024-05-30,20,True,True,True,True,18,18
arima,2024-05-29,2024-05-30,2024-05-31,20,True,True,True,True,18,17
arima,2024-05-30,2024-05-31,2024-06-03,20,True,True,True,True,20,20
arima,2024-05-31,2024-06-03,2024-06-04,20,True,True,True,True,19,19
arima,2024-06-03,2024-06-04,2024-06-05,20,True,True,True,True,19,19
arima,2024-06-04,2024-06-05,2024-06-06,20,True,True,True,True,19,18
arima,2024-06-05,2024-06-06,2024-06-07,20,True,True,True,True,20,20
arima,2024-06-06,2024-06-07,2024-06-10,20,True,True,True,True,19,19
arima,2024-06-07,2024-06-10,2024-06-11,20,True,True,True,True,20,20
arima,2024-06-10,2024-06-11,2024-06-12,20,True,True,True,True,18,18
arima,2024-06-11,2024-06-12,2024-06-13,20,True,True,True,True,20,20
arima,2024-06-12,2024-06-13,2024-06-14,20,True,True,True,True,20,20
arima,2024-06-13,2024-06-14,2024-06-17,20,True,True,True,True,20,20
arima,2024-06-14,2024-06-17,2024-06-18,20,True,True,True,True,20,20
arima,2024-06-17,2024-06-18,2024-06-20,20,True,True,True,True,19,19
arima,2024-06-18,2024-06-20,2024-06-21,20,True,True,True,True,18,18
arima,2024-06-20,2024-06-21,2024-06-24,20,True,True,True,True,19,19
arima,2024-06-21,2024-06-24,2024-06-25,20,True,True,True,True,20,20
arima,2024-06-24,2024-06-25,2024-06-26,20,True,True,True,True,20,20
arima,2024-06-25,2024-06-26,2024-06-27,20,True,True,True,True,20,20
arima,2024-06-26,2024-06-27,2024-06-28,20,True,True,True,True,19,19
arima,2024-06-27,2024-06-28,2024-07-01,20,True,True,True,True,20,20
arima,2024-06-28,2024-07-01,2024-07-02,20,True,True,True,True,19,19
arima,2024-07-01,2024-07-02,2024-07-03,20,True,True,False,False,19,19
arima,2024-07-02,2024-07-03,2024-07-05,20,True,False,True,False,0,0
arima,2024-07-03,2024-07-05,2024-07-08,20,True,True,True,True,19,19
arima,2024-07-05,2024-07-08,2024-07-09,20,True,True,True,True,20,20
arima,2024-07-08,2024-07-09,2024-07-10,20,True,True,True,True,20,20
arima,2024-07-09,2024-07-10,2024-07-11,20,True,True,True,True,20,20
arima,2024-07-10,2024-07-11,2024-07-12,20,True,True,True,True,20,20
arima,2024-07-11,2024-07-12,2024-07-15,20,True,True,True,True,20,20
arima,2024-07-12,2024-07-15,2024-07-16,20,True,True,True,True,19,19
arima,2024-07-15,2024-07-16,2024-07-17,20,True,True,True,True,19,19
arima,2024-07-16,2024-07-17,2024-07-18,20,True,True,True,True,20,20
arima,2024-07-17,2024-07-18,2024-07-19,20,True,True,True,True,20,20
arima,2024-07-18,2024-07-19,2024-07-22,20,True,True,True,True,20,20
arima,2024-07-19,2024-07-22,2024-07-23,20,True,True,True,True,20,20
arima,2024-07-22,2024-07-23,2024-07-24,20,True,True,True,True,20,20
arima,2024-07-23,2024-07-24,2024-07-25,20,True,True,True,True,16,16
arima,2024-07-24,2024-07-25,2024-07-26,20,True,True,True,True,20,20
arima,2024-07-25,2024-07-26,2024-07-29,20,True,True,True,True,19,19
arima,2024-07-26,2024-07-29,2024-07-30,20,True,True,True,True,20,20
arima,2024-07-29,2024-07-30,2024-07-31,20,True,True,True,True,20,20
arima,2024-07-30,2024-07-31,2024-08-01,20,True,True,True,True,20,20
arima,2024-07-31,2024-08-01,2024-08-02,20,True,True,True,True,20,20
arima,2024-08-01,2024-08-02,2024-08-05,20,True,True,True,True,20,20
arima,2024-08-02,2024-08-05,2024-08-06,20,True,True,True,True,20,20
arima,2024-08-05,2024-08-06,2024-08-07,18,True,True,True,True,18,18
arima,2024-08-06,2024-08-07,2024-08-08,20,True,True,True,True,20,20
arima,2024-08-07,2024-08-08,2024-08-09,20,True,True,True,True,20,20
arima,2024-08-08,2024-08-09,2024-08-12,20,True,True,True,True,20,20
arima,2024-08-09,2024-08-12,2024-08-13,20,True,True,True,True,18,18
arima,2024-08-12,2024-08-13,2024-08-14,20,True,True,True,True,19,19
arima,2024-08-13,2024-08-14,2024-08-15,20,True,True,True,True,20,20
arima,2024-08-14,2024-08-15,2024-08-16,20,True,True,True,True,19,18
arima,2024-08-15,2024-08-16,2024-08-19,20,True,True,True,True,18,18
arima,2024-08-16,2024-08-19,2024-08-20,20,True,True,True,True,20,20
arima,2024-08-19,2024-08-20,2024-08-21,20,True,True,True,True,19,18
arima,2024-08-20,2024-08-21,2024-08-22,20,True,True,True,True,20,20
arima,2024-08-21,2024-08-22,2024-08-23,20,True,True,True,True,17,17
arima,2024-08-22,2024-08-23,2024-08-26,20,True,True,True,True,19,19
arima,2024-08-23,2024-08-26,2024-08-27,20,True,True,True,True,20,20
arima,2024-08-26,2024-08-27,2024-08-28,20,True,True,True,True,19,19
arima,2024-08-27,2024-08-28,2024-08-29,20,True,True,True,True,20,20
arima,2024-08-28,2024-08-29,2024-08-30,20,True,True,True,True,19,19
arima,2024-08-29,2024-08-30,2024-09-03,20,True,True,True,True,20,20
arima,2024-08-30,2024-09-03,2024-09-04,20,True,True,True,True,18,18
arima,2024-09-03,2024-09-04,2024-09-05,20,True,True,True,True,20,20
arima,2024-09-04,2024-09-05,2024-09-06,20,True,True,True,True,20,20
arima,2024-09-05,2024-09-06,2024-09-09,20,True,True,True,True,20,20
arima,2024-09-06,2024-09-09,2024-09-10,20,True,True,True,True,20,20
arima,2024-09-09,2024-09-10,2024-09-11,20,True,True,True,True,20,20
arima,2024-09-10,2024-09-11,2024-09-12,20,True,True,True,True,20,20
arima,2024-09-11,2024-09-12,2024-09-13,20,True,True,True,True,20,20
arima,2024-09-12,2024-09-13,2024-09-16,20,True,True,True,True,20,20
arima,2024-09-13,2024-09-16,2024-09-17,20,True,True,True,True,17,17
arima,2024-09-16,2024-09-17,2024-09-18,20,True,True,True,True,19,19
arima,2024-09-17,2024-09-18,2024-09-19,20,True,True,True,True,19,19
arima,2024-09-18,2024-09-19,2024-09-20,20,True,True,True,True,19,19
arima,2024-09-19,2024-09-20,2024-09-23,20,True,True,True,True,20,20
arima,2024-09-20,2024-09-23,2024-09-24,20,True,True,True,True,20,20
arima,2024-09-23,2024-09-24,2024-09-25,20,True,True,True,True,19,19
arima,2024-09-24,2024-09-25,2024-09-26,20,True,True,True,True,20,20
arima,2024-09-25,2024-09-26,2024-09-27,20,True,True,True,True,20,20
arima,2024-09-26,2024-09-27,2024-09-30,20,True,True,True,True,20,20
arima,2024-09-27,2024-09-30,2024-10-01,20,True,True,True,True,20,20
arima,2024-09-30,2024-10-01,2024-10-02,20,True,True,True,True,20,20
arima,2024-10-01,2024-10-02,2024-10-03,20,True,True,True,True,20,20
arima,2024-10-02,2024-10-03,2024-10-04,20,True,True,True,True,19,19
arima,2024-10-03,2024-10-04,2024-10-07,20,True,True,True,True,20,20
arima,2024-10-04,2024-10-07,2024-10-08,20,True,True,True,True,16,16
arima,2024-10-07,2024-10-08,2024-10-09,20,True,True,True,True,19,19
arima,2024-10-08,2024-10-09,2024-10-10,20,True,True,True,True,19,19
arima,2024-10-09,2024-10-10,2024-10-11,20,True,True,True,True,19,19
arima,2024-10-10,2024-10-11,2024-10-14,20,True,True,True,True,20,20
arima,2024-10-11,2024-10-14,2024-10-15,20,True,True,True,True,0,0
arima,2024-10-15,2024-10-16,2024-10-17,20,True,True,True,True,18,18
arima,2024-10-16,2024-10-17,2024-10-18,20,True,True,True,True,20,20
arima,2024-10-17,2024-10-18,2024-10-21,20,True,True,True,True,20,20
arima,2024-10-18,2024-10-21,2024-10-22,20,True,True,True,True,19,19
arima,2024-10-21,2024-10-22,2024-10-23,20,True,True,True,True,19,19
arima,2024-10-22,2024-10-23,2024-10-24,20,True,True,True,True,19,19
arima,2024-10-23,2024-10-24,2024-10-25,20,True,True,True,True,20,20
arima,2024-10-24,2024-10-25,2024-10-28,20,True,True,True,True,19,19
arima,2024-10-25,2024-10-28,2024-10-29,20,True,True,True,True,19,18
arima,2024-10-28,2024-10-29,2024-10-30,20,True,True,True,True,19,19
arima,2024-10-29,2024-10-30,2024-10-31,20,True,True,True,True,20,20
arima,2024-10-30,2024-10-31,2024-11-01,20,True,True,True,True,19,19
arima,2024-10-31,2024-11-01,2024-11-04,20,True,True,True,True,20,20
arima,2024-11-01,2024-11-04,2024-11-05,20,True,True,True,True,19,19
arima,2024-11-04,2024-11-05,2024-11-06,20,True,True,True,True,16,16
arima,2024-11-05,2024-11-06,2024-11-07,20,True,True,True,True,20,20
arima,2024-11-06,2024-11-07,2024-11-08,16,True,True,True,True,16,16
arima,2024-11-07,2024-11-08,2024-11-11,20,True,True,True,True,20,20
arima,2024-11-08,2024-11-11,2024-11-12,20,True,True,True,True,0,0
arima,2024-11-12,2024-11-13,2024-11-14,20,True,True,True,True,19,19
arima,2024-11-13,2024-11-14,2024-11-15,20,True,True,True,True,20,20
arima,2024-11-14,2024-11-15,2024-11-18,20,True,True,True,True,20,20
arima,2024-11-15,2024-11-18,2024-11-19,20,True,True,True,True,18,18
arima,2024-11-18,2024-11-19,2024-11-20,20,True,True,True,True,19,19
arima,2024-11-19,2024-11-20,2024-11-21,20,True,True,True,True,20,20
arima,2024-11-20,2024-11-21,2024-11-22,20,True,True,True,True,19,18
arima,2024-11-21,2024-11-22,2024-11-25,20,True,True,True,True,18,18
arima,2024-11-22,2024-11-25,2024-11-26,20,True,True,True,True,19,19
arima,2024-11-25,2024-11-26,2024-11-27,20,True,True,True,True,19,19
arima,2024-11-26,2024-11-27,2024-11-29,20,True,True,False,False,20,20
arima,2024-11-27,2024-11-29,2024-12-02,20,True,False,True,False,0,0
arima,2024-11-29,2024-12-02,2024-12-03,20,True,True,True,True,20,20
arima,2024-12-02,2024-12-03,2024-12-04,20,True,True,True,True,20,20
arima,2024-12-03,2024-12-04,2024-12-05,20,True,True,True,True,19,19
arima,2024-12-04,2024-12-05,2024-12-06,20,True,True,True,True,18,18
arima,2024-12-05,2024-12-06,2024-12-09,20,True,True,True,True,18,18
arima,2024-12-06,2024-12-09,2024-12-10,20,True,True,True,True,19,19
arima,2024-12-09,2024-12-10,2024-12-11,20,True,True,True,True,19,19
arima,2024-12-10,2024-12-11,2024-12-12,20,True,True,True,True,20,20
arima,2024-12-11,2024-12-12,2024-12-13,20,True,True,True,True,19,19
arima,2024-12-12,2024-12-13,2024-12-16,20,True,True,True,True,19,19
arima,2024-12-13,2024-12-16,2024-12-17,20,True,True,True,True,18,18
arima,2024-12-16,2024-12-17,2024-12-18,20,True,True,True,True,19,19
arima,2024-12-17,2024-12-18,2024-12-19,20,True,True,True,True,19,19
arima,2024-12-18,2024-12-19,2024-12-20,19,True,True,True,True,19,19
arima,2024-12-19,2024-12-20,2024-12-23,20,True,True,True,True,20,20
arima,2024-12-20,2024-12-23,2024-12-24,20,True,True,False,False,20,20
arima,2024-12-23,2024-12-24,2024-12-26,20,True,False,True,False,0,0
arima,2024-12-24,2024-12-26,2024-12-27,20,True,True,True,True,20,20
arima,2024-12-26,2024-12-27,2024-12-30,20,True,True,True,True,20,20
arima,2024-12-27,2024-12-30,2024-12-31,20,True,True,True,True,19,19
arima,2024-12-30,2024-12-31,2025-01-02,20,True,True,True,True,19,19
arima,2024-12-31,2025-01-02,2025-01-03,20,True,True,True,True,0,0
ridge,2023-04-21,2023-04-24,2023-04-25,20,True,True,True,True,17,16
ridge,2023-04-24,2023-04-25,2023-04-26,20,True,True,True,True,18,18
ridge,2023-04-25,2023-04-26,2023-04-27,20,True,True,True,True,18,18
ridge,2023-04-26,2023-04-27,2023-04-28,20,True,True,True,True,17,17
ridge,2023-04-27,2023-04-28,2023-05-01,20,True,True,True,True,18,18
ridge,2023-04-28,2023-05-01,2023-05-02,20,True,True,True,True,19,19
ridge,2023-05-01,2023-05-02,2023-05-03,20,True,True,True,True,20,20
ridge,2023-05-02,2023-05-03,2023-05-04,20,True,True,True,True,19,19
ridge,2023-05-03,2023-05-04,2023-05-05,20,True,True,True,True,18,18
ridge,2023-05-04,2023-05-05,2023-05-08,20,True,True,True,True,15,15
ridge,2023-05-05,2023-05-08,2023-05-09,20,True,True,True,True,18,18
ridge,2023-05-08,2023-05-09,2023-05-10,20,True,True,True,True,15,15
ridge,2023-05-09,2023-05-10,2023-05-11,20,True,True,True,True,19,19
ridge,2023-05-10,2023-05-11,2023-05-12,20,True,True,True,True,16,16
ridge,2023-05-11,2023-05-12,2023-05-15,20,True,True,True,True,19,19
ridge,2023-05-12,2023-05-15,2023-05-16,20,True,True,True,True,17,16
ridge,2023-05-15,2023-05-16,2023-05-17,20,True,True,True,True,17,17
ridge,2023-05-16,2023-05-17,2023-05-18,20,True,True,True,True,16,15
ridge,2023-05-17,2023-05-18,2023-05-19,20,True,True,True,True,20,20
ridge,2023-05-18,2023-05-19,2023-05-22,20,True,True,True,True,18,18
ridge,2023-05-19,2023-05-22,2023-05-23,20,True,True,True,True,16,15
ridge,2023-05-22,2023-05-23,2023-05-24,20,True,True,True,True,18,17
ridge,2023-05-23,2023-05-24,2023-05-25,20,True,True,True,True,18,18
ridge,2023-05-24,2023-05-25,2023-05-26,20,True,True,True,True,18,18
ridge,2023-05-25,2023-05-26,2023-05-30,20,True,True,True,True,15,15
ridge,2023-05-26,2023-05-30,2023-05-31,20,True,True,True,True,18,17
ridge,2023-05-30,2023-05-31,2023-06-01,20,True,True,True,True,18,18
ridge,2023-05-31,2023-06-01,2023-06-02,20,True,True,True,True,19,19
ridge,2023-06-01,2023-06-02,2023-06-05,20,True,True,True,True,17,17
ridge,2023-06-02,2023-06-05,2023-06-06,20,True,True,True,True,19,19
ridge,2023-06-05,2023-06-06,2023-06-07,20,True,True,True,True,20,20
ridge,2023-06-06,2023-06-07,2023-06-08,20,True,True,True,True,17,16
ridge,2023-06-07,2023-06-08,2023-06-09,20,True,True,True,True,19,19
ridge,2023-06-08,2023-06-09,2023-06-12,20,True,True,True,True,19,19
ridge,2023-06-09,2023-06-12,2023-06-13,20,True,True,True,True,17,15
ridge,2023-06-12,2023-06-13,2023-06-14,20,True,True,True,True,15,15
ridge,2023-06-13,2023-06-14,2023-06-15,20,True,True,True,True,17,16
ridge,2023-06-14,2023-06-15,2023-06-16,20,True,True,True,True,20,20
ridge,2023-06-15,2023-06-16,2023-06-20,20,True,True,True,True,20,20
ridge,2023-06-16,2023-06-20,2023-06-21,20,True,True,True,True,18,18
ridge,2023-06-20,2023-06-21,2023-06-22,20,True,True,True,True,19,19
ridge,2023-06-21,2023-06-22,2023-06-23,20,True,True,True,True,18,18
ridge,2023-06-22,2023-06-23,2023-06-26,20,True,True,True,True,20,20
ridge,2023-06-23,2023-06-26,2023-06-27,20,True,True,True,True,18,17
ridge,2023-06-26,2023-06-27,2023-06-28,20,True,True,True,True,17,17
ridge,2023-06-27,2023-06-28,2023-06-29,20,True,True,True,True,16,16
ridge,2023-06-28,2023-06-29,2023-06-30,20,True,True,True,True,19,19
ridge,2023-06-29,2023-06-30,2023-07-03,20,True,True,False,False,18,18
ridge,2023-06-30,2023-07-03,2023-07-05,20,True,False,True,False,0,0
ridge,2023-07-03,2023-07-05,2023-07-06,20,True,True,True,True,19,19
ridge,2023-07-05,2023-07-06,2023-07-07,20,True,True,True,True,18,18
ridge,2023-07-06,2023-07-07,2023-07-10,20,True,True,True,True,17,17
ridge,2023-07-07,2023-07-10,2023-07-11,20,True,True,True,True,16,15
ridge,2023-07-10,2023-07-11,2023-07-12,20,True,True,True,True,18,17
ridge,2023-07-11,2023-07-12,2023-07-13,20,True,True,True,True,18,16
ridge,2023-07-12,2023-07-13,2023-07-14,20,True,True,True,True,18,18
ridge,2023-07-13,2023-07-14,2023-07-17,20,True,True,True,True,19,19
ridge,2023-07-14,2023-07-17,2023-07-18,20,True,True,True,True,20,20
ridge,2023-07-17,2023-07-18,2023-07-19,20,True,True,True,True,18,18
ridge,2023-07-18,2023-07-19,2023-07-20,20,True,True,True,True,18,18
ridge,2023-07-19,2023-07-20,2023-07-21,20,True,True,True,True,19,18
ridge,2023-07-20,2023-07-21,2023-07-24,20,True,True,True,True,14,14
ridge,2023-07-21,2023-07-24,2023-07-25,20,True,True,True,True,14,13
ridge,2023-07-24,2023-07-25,2023-07-26,20,True,True,True,True,17,17
ridge,2023-07-25,2023-07-26,2023-07-27,20,True,True,True,True,16,15
ridge,2023-07-26,2023-07-27,2023-07-28,20,True,True,True,True,20,20
ridge,2023-07-27,2023-07-28,2023-07-31,20,True,True,True,True,18,18
ridge,2023-07-28,2023-07-31,2023-08-01,20,True,True,True,True,19,19
ridge,2023-07-31,2023-08-01,2023-08-02,20,True,True,True,True,19,19
ridge,2023-08-01,2023-08-02,2023-08-03,20,True,True,True,True,18,17
ridge,2023-08-02,2023-08-03,2023-08-04,20,True,True,True,True,18,18
ridge,2023-08-03,2023-08-04,2023-08-07,20,True,True,True,True,18,18
ridge,2023-08-04,2023-08-07,2023-08-08,20,True,True,True,True,19,19
ridge,2023-08-07,2023-08-08,2023-08-09,20,True,True,True,True,18,18
ridge,2023-08-08,2023-08-09,2023-08-10,20,True,True,True,True,19,19
ridge,2023-08-09,2023-08-10,2023-08-11,20,True,True,True,True,18,18
ridge,2023-08-10,2023-08-11,2023-08-14,20,True,True,True,True,17,17
ridge,2023-08-11,2023-08-14,2023-08-15,20,True,True,True,True,18,18
ridge,2023-08-14,2023-08-15,2023-08-16,20,True,True,True,True,17,16
ridge,2023-08-15,2023-08-16,2023-08-17,20,True,True,True,True,20,20
ridge,2023-08-16,2023-08-17,2023-08-18,20,True,True,True,True,19,19
ridge,2023-08-17,2023-08-18,2023-08-21,20,True,True,True,True,18,18
ridge,2023-08-18,2023-08-21,2023-08-22,20,True,True,True,True,19,19
ridge,2023-08-21,2023-08-22,2023-08-23,20,True,True,True,True,19,19
ridge,2023-08-22,2023-08-23,2023-08-24,20,True,True,True,True,17,17
ridge,2023-08-23,2023-08-24,2023-08-25,20,True,True,True,True,20,20
ridge,2023-08-24,2023-08-25,2023-08-28,20,True,True,True,True,17,17
ridge,2023-08-25,2023-08-28,2023-08-29,20,True,True,True,True,16,16
ridge,2023-08-28,2023-08-29,2023-08-30,20,True,True,True,True,19,19
ridge,2023-08-29,2023-08-30,2023-08-31,20,True,True,True,True,19,19
ridge,2023-08-30,2023-08-31,2023-09-01,20,True,True,True,True,20,20
ridge,2023-08-31,2023-09-01,2023-09-05,20,True,True,True,True,20,20
ridge,2023-09-01,2023-09-05,2023-09-06,20,True,True,True,True,18,18
ridge,2023-09-05,2023-09-06,2023-09-07,20,True,True,True,True,18,18
ridge,2023-09-06,2023-09-07,2023-09-08,20,True,True,True,True,18,17
ridge,2023-09-07,2023-09-08,2023-09-11,20,True,True,True,True,20,20
ridge,2023-09-08,2023-09-11,2023-09-12,20,True,True,True,True,19,19
ridge,2023-09-11,2023-09-12,2023-09-13,20,True,True,True,True,19,18
ridge,2023-09-12,2023-09-13,2023-09-14,20,True,True,True,True,18,18
ridge,2023-09-13,2023-09-14,2023-09-15,20,True,True,True,True,18,16
ridge,2023-09-14,2023-09-15,2023-09-18,20,True,True,True,True,18,18
ridge,2023-09-15,2023-09-18,2023-09-19,20,True,True,True,True,15,15
ridge,2023-09-18,2023-09-19,2023-09-20,20,True,True,True,True,18,17
ridge,2023-09-19,2023-09-20,2023-09-21,20,True,True,True,True,18,18
ridge,2023-09-20,2023-09-21,2023-09-22,20,True,True,True,True,16,16
ridge,2023-09-21,2023-09-22,2023-09-25,20,True,True,True,True,20,20
ridge,2023-09-22,2023-09-25,2023-09-26,20,True,True,True,True,17,16
ridge,2023-09-25,2023-09-26,2023-09-27,20,True,True,True,True,18,18
ridge,2023-09-26,2023-09-27,2023-09-28,20,True,True,True,True,20,20
ridge,2023-09-27,2023-09-28,2023-09-29,20,True,True,True,True,20,20
ridge,2023-09-28,2023-09-29,2023-10-02,20,True,True,True,True,19,19
ridge,2023-09-29,2023-10-02,2023-10-03,20,True,True,True,True,18,17
ridge,2023-10-02,2023-10-03,2023-10-04,20,True,True,True,True,20,20
ridge,2023-10-03,2023-10-04,2023-10-05,20,True,True,True,True,19,19
ridge,2023-10-04,2023-10-05,2023-10-06,20,True,True,True,True,20,20
ridge,2023-10-05,2023-10-06,2023-10-09,20,True,True,True,True,19,19
ridge,2023-10-06,2023-10-09,2023-10-10,20,True,True,True,True,0,0
ridge,2023-10-10,2023-10-11,2023-10-12,20,True,True,True,True,20,20
ridge,2023-10-11,2023-10-12,2023-10-13,20,True,True,True,True,19,19
ridge,2023-10-12,2023-10-13,2023-10-16,20,True,True,True,True,18,18
ridge,2023-10-13,2023-10-16,2023-10-17,20,True,True,True,True,18,17
ridge,2023-10-16,2023-10-17,2023-10-18,20,True,True,True,True,18,18
ridge,2023-10-17,2023-10-18,2023-10-19,20,True,True,True,True,17,16
ridge,2023-10-18,2023-10-19,2023-10-20,20,True,True,True,True,18,18
ridge,2023-10-19,2023-10-20,2023-10-23,20,True,True,True,True,19,19
ridge,2023-10-20,2023-10-23,2023-10-24,20,True,True,True,True,20,20
ridge,2023-10-23,2023-10-24,2023-10-25,20,True,True,True,True,19,19
ridge,2023-10-24,2023-10-25,2023-10-26,20,True,True,True,True,19,19
ridge,2023-10-25,2023-10-26,2023-10-27,20,True,True,True,True,20,20
ridge,2023-10-26,2023-10-27,2023-10-30,20,True,True,True,True,19,19
ridge,2023-10-27,2023-10-30,2023-10-31,20,True,True,True,True,18,18
ridge,2023-10-30,2023-10-31,2023-11-01,20,True,True,True,True,18,18
ridge,2023-10-31,2023-11-01,2023-11-02,20,True,True,True,True,0,0
ridge,2023-11-02,2023-11-03,2023-11-06,20,True,True,True,True,20,20
ridge,2023-11-03,2023-11-06,2023-11-07,20,True,True,True,True,20,20
ridge,2023-11-06,2023-11-07,2023-11-08,20,True,True,True,True,19,19
ridge,2023-11-07,2023-11-08,2023-11-09,20,True,True,True,True,20,20
ridge,2023-11-08,2023-11-09,2023-11-10,20,True,True,True,True,20,20
ridge,2023-11-09,2023-11-10,2023-11-13,20,True,True,True,True,19,19
ridge,2023-11-10,2023-11-13,2023-11-14,20,True,True,True,True,16,16
ridge,2023-11-13,2023-11-14,2023-11-15,20,True,True,True,True,20,20
ridge,2023-11-14,2023-11-15,2023-11-16,20,True,True,True,True,16,16
ridge,2023-11-15,2023-11-16,2023-11-17,20,True,True,True,True,16,16
ridge,2023-11-16,2023-11-17,2023-11-20,20,True,True,True,True,19,19
ridge,2023-11-17,2023-11-20,2023-11-21,20,True,True,True,True,20,20
ridge,2023-11-20,2023-11-21,2023-11-22,20,True,True,True,True,19,18
ridge,2023-11-21,2023-11-22,2023-11-24,20,True,True,False,False,19,18
ridge,2023-11-22,2023-11-24,2023-11-27,20,True,False,True,False,0,0
ridge,2023-11-24,2023-11-27,2023-11-28,20,True,True,True,True,17,15
ridge,2023-11-27,2023-11-28,2023-11-29,20,True,True,True,True,17,16
ridge,2023-11-28,2023-11-29,2023-11-30,20,True,True,True,True,19,19
ridge,2023-11-29,2023-11-30,2023-12-01,20,True,True,True,True,19,19
ridge,2023-11-30,2023-12-01,2023-12-04,20,True,True,True,True,17,17
ridge,2023-12-01,2023-12-04,2023-12-05,20,True,True,True,True,18,17
ridge,2023-12-04,2023-12-05,2023-12-06,20,True,True,True,True,16,15
ridge,2023-12-05,2023-12-06,2023-12-07,20,True,True,True,True,20,20
ridge,2023-12-06,2023-12-07,2023-12-08,20,True,True,True,True,20,20
ridge,2023-12-07,2023-12-08,2023-12-11,20,True,True,True,True,16,16
ridge,2023-12-08,2023-12-11,2023-12-12,20,True,True,True,True,20,20
ridge,2023-12-11,2023-12-12,2023-12-13,20,True,True,True,True,17,17
ridge,2023-12-12,2023-12-13,2023-12-14,20,True,True,True,True,18,17
ridge,2023-12-13,2023-12-14,2023-12-15,20,True,True,True,True,18,16
ridge,2023-12-14,2023-12-15,2023-12-18,20,True,True,True,True,18,18
ridge,2023-12-15,2023-12-18,2023-12-19,20,True,True,True,True,17,17
ridge,2023-12-18,2023-12-19,2023-12-20,20,True,True,True,True,18,18
ridge,2023-12-19,2023-12-20,2023-12-21,20,True,True,True,True,17,17
ridge,2023-12-20,2023-12-21,2023-12-22,20,True,True,True,True,19,19
ridge,2023-12-21,2023-12-22,2023-12-26,20,True,True,True,True,19,19
ridge,2023-12-22,2023-12-26,2023-12-27,20,True,True,True,True,16,16
ridge,2023-12-26,2023-12-27,2023-12-28,20,True,True,True,True,19,19
ridge,2023-12-27,2023-12-28,2023-12-29,20,True,True,True,True,19,18
ridge,2023-12-28,2023-12-29,2024-01-02,20,True,True,True,True,19,19
ridge,2023-12-29,2024-01-02,2024-01-03,20,True,True,True,True,18,18
ridge,2024-01-02,2024-01-03,2024-01-04,20,True,True,True,True,18,18
ridge,2024-01-03,2024-01-04,2024-01-05,20,True,True,True,True,20,20
ridge,2024-01-04,2024-01-05,2024-01-08,20,True,True,True,True,20,20
ridge,2024-01-05,2024-01-08,2024-01-09,20,True,True,True,True,17,17
ridge,2024-01-08,2024-01-09,2024-01-10,20,True,True,True,True,16,16
ridge,2024-01-09,2024-01-10,2024-01-11,20,True,True,True,True,18,17
ridge,2024-01-10,2024-01-11,2024-01-12,20,True,True,True,True,20,20
ridge,2024-01-11,2024-01-12,2024-01-16,20,True,True,True,True,18,18
ridge,2024-01-12,2024-01-16,2024-01-17,20,True,True,True,True,19,19
ridge,2024-01-16,2024-01-17,2024-01-18,20,True,True,True,True,17,15
ridge,2024-01-17,2024-01-18,2024-01-19,20,True,True,True,True,18,18
ridge,2024-01-18,2024-01-19,2024-01-22,20,True,True,True,True,19,19
ridge,2024-01-19,2024-01-22,2024-01-23,20,True,True,True,True,20,20
ridge,2024-01-22,2024-01-23,2024-01-24,20,True,True,True,True,18,16
ridge,2024-01-23,2024-01-24,2024-01-25,20,True,True,True,True,20,20
ridge,2024-01-24,2024-01-25,2024-01-26,20,True,True,True,True,18,18
ridge,2024-01-25,2024-01-26,2024-01-29,20,True,True,True,True,17,17
ridge,2024-01-26,2024-01-29,2024-01-30,20,True,True,True,True,17,17
ridge,2024-01-29,2024-01-30,2024-01-31,20,True,True,True,True,19,19
ridge,2024-01-30,2024-01-31,2024-02-01,20,True,True,True,True,19,19
ridge,2024-01-31,2024-02-01,2024-02-02,20,True,True,True,True,18,17
ridge,2024-02-01,2024-02-02,2024-02-05,20,True,True,True,True,19,19
ridge,2024-02-02,2024-02-05,2024-02-06,20,True,True,True,True,19,18
ridge,2024-02-05,2024-02-06,2024-02-07,20,True,True,True,True,14,14
ridge,2024-02-06,2024-02-07,2024-02-08,20,True,True,True,True,20,20
ridge,2024-02-07,2024-02-08,2024-02-09,20,True,True,True,True,19,19
ridge,2024-02-08,2024-02-09,2024-02-12,20,True,True,True,True,18,18
ridge,2024-02-09,2024-02-12,2024-02-13,20,True,True,True,True,19,18
ridge,2024-02-12,2024-02-13,2024-02-14,20,True,True,True,True,18,18
ridge,2024-02-13,2024-02-14,2024-02-15,20,True,True,True,True,19,19
ridge,2024-02-14,2024-02-15,2024-02-16,20,True,True,True,True,18,17
ridge,2024-02-15,2024-02-16,2024-02-20,20,True,True,True,True,19,19
ridge,2024-02-16,2024-02-20,2024-02-21,20,True,True,True,True,18,18
ridge,2024-02-20,2024-02-21,2024-02-22,20,True,True,True,True,18,18
ridge,2024-02-21,2024-02-22,2024-02-23,20,True,True,True,True,19,18
ridge,2024-02-22,2024-02-23,2024-02-26,20,True,True,True,True,19,19
ridge,2024-02-23,2024-02-26,2024-02-27,20,True,True,True,True,19,18
ridge,2024-02-26,2024-02-27,2024-02-28,20,True,True,True,True,18,18
ridge,2024-02-27,2024-02-28,2024-02-29,20,True,True,True,True,18,18
ridge,2024-02-28,2024-02-29,2024-03-01,20,True,True,True,True,19,18
ridge,2024-02-29,2024-03-01,2024-03-04,20,True,True,True,True,18,18
ridge,2024-03-01,2024-03-04,2024-03-05,20,True,True,True,True,18,18
ridge,2024-03-04,2024-03-05,2024-03-06,20,True,True,True,True,20,20
ridge,2024-03-05,2024-03-06,2024-03-07,20,True,True,True,True,20,20
ridge,2024-03-06,2024-03-07,2024-03-08,20,True,True,True,True,20,20
ridge,2024-03-07,2024-03-08,2024-03-11,20,True,True,True,True,19,19
ridge,2024-03-08,2024-03-11,2024-03-12,20,True,True,True,True,19,19
ridge,2024-03-11,2024-03-12,2024-03-13,20,True,True,True,True,20,20
ridge,2024-03-12,2024-03-13,2024-03-14,20,True,True,True,True,17,15
ridge,2024-03-13,2024-03-14,2024-03-15,20,True,True,True,True,19,19
ridge,2024-03-14,2024-03-15,2024-03-18,20,True,True,True,True,19,19
ridge,2024-03-15,2024-03-18,2024-03-19,20,True,True,True,True,19,19
ridge,2024-03-18,2024-03-19,2024-03-20,20,True,True,True,True,19,19
ridge,2024-03-19,2024-03-20,2024-03-21,20,True,True,True,True,18,18
ridge,2024-03-20,2024-03-21,2024-03-22,20,True,True,True,True,19,19
ridge,2024-03-21,2024-03-22,2024-03-25,20,True,True,True,True,15,15
ridge,2024-03-22,2024-03-25,2024-03-26,20,True,True,True,True,19,19
ridge,2024-03-25,2024-03-26,2024-03-27,20,True,True,True,True,18,17
ridge,2024-03-26,2024-03-27,2024-03-28,20,True,True,True,True,18,18
ridge,2024-03-27,2024-03-28,2024-04-01,20,True,True,True,True,18,18
ridge,2024-03-28,2024-04-01,2024-04-02,20,True,True,True,True,20,20
ridge,2024-04-01,2024-04-02,2024-04-03,20,True,True,True,True,19,19
ridge,2024-04-02,2024-04-03,2024-04-04,20,True,True,True,True,19,19
ridge,2024-04-03,2024-04-04,2024-04-05,20,True,True,True,True,20,20
ridge,2024-04-04,2024-04-05,2024-04-08,20,True,True,True,True,19,19
ridge,2024-04-05,2024-04-08,2024-04-09,20,True,True,True,True,19,19
ridge,2024-04-08,2024-04-09,2024-04-10,20,True,True,True,True,18,17
ridge,2024-04-09,2024-04-10,2024-04-11,20,True,True,True,True,20,20
ridge,2024-04-10,2024-04-11,2024-04-12,20,True,True,True,True,18,18
ridge,2024-04-11,2024-04-12,2024-04-15,20,True,True,True,True,20,20
ridge,2024-04-12,2024-04-15,2024-04-16,20,True,True,True,True,20,20
ridge,2024-04-15,2024-04-16,2024-04-17,20,True,True,True,True,19,19
ridge,2024-04-16,2024-04-17,2024-04-18,20,True,True,True,True,19,19
ridge,2024-04-17,2024-04-18,2024-04-19,20,True,True,True,True,19,19
ridge,2024-04-18,2024-04-19,2024-04-22,20,True,True,True,True,17,17
ridge,2024-04-19,2024-04-22,2024-04-23,20,True,True,True,True,19,19
ridge,2024-04-22,2024-04-23,2024-04-24,20,True,True,True,True,18,17
ridge,2024-04-23,2024-04-24,2024-04-25,20,True,True,True,True,20,20
ridge,2024-04-24,2024-04-25,2024-04-26,20,True,True,True,True,20,20
ridge,2024-04-25,2024-04-26,2024-04-29,20,True,True,True,True,16,16
ridge,2024-04-26,2024-04-29,2024-04-30,20,True,True,True,True,16,16
ridge,2024-04-29,2024-04-30,2024-05-01,20,True,True,True,True,19,19
ridge,2024-04-30,2024-05-01,2024-05-02,20,True,True,True,True,17,16
ridge,2024-05-01,2024-05-02,2024-05-03,20,True,True,True,True,14,14
ridge,2024-05-02,2024-05-03,2024-05-06,20,True,True,True,True,18,18
ridge,2024-05-03,2024-05-06,2024-05-07,20,True,True,True,True,20,20
ridge,2024-05-06,2024-05-07,2024-05-08,20,True,True,True,True,19,19
ridge,2024-05-07,2024-05-08,2024-05-09,20,True,True,True,True,16,15
ridge,2024-05-08,2024-05-09,2024-05-10,20,True,True,True,True,17,16
ridge,2024-05-09,2024-05-10,2024-05-13,20,True,True,True,True,17,17
ridge,2024-05-10,2024-05-13,2024-05-14,20,True,True,True,True,19,18
ridge,2024-05-13,2024-05-14,2024-05-15,20,True,True,True,True,18,18
ridge,2024-05-14,2024-05-15,2024-05-16,20,True,True,True,True,18,18
ridge,2024-05-15,2024-05-16,2024-05-17,20,True,True,True,True,18,18
ridge,2024-05-16,2024-05-17,2024-05-20,20,True,True,True,True,18,18
ridge,2024-05-17,2024-05-20,2024-05-21,20,True,True,True,True,18,18
ridge,2024-05-20,2024-05-21,2024-05-22,20,True,True,True,True,18,16
ridge,2024-05-21,2024-05-22,2024-05-23,20,True,True,True,True,18,18
ridge,2024-05-22,2024-05-23,2024-05-24,20,True,True,True,True,16,12
ridge,2024-05-23,2024-05-24,2024-05-28,20,True,True,True,True,16,15
ridge,2024-05-24,2024-05-28,2024-05-29,20,True,True,True,True,18,18
ridge,2024-05-28,2024-05-29,2024-05-30,20,True,True,True,True,19,19
ridge,2024-05-29,2024-05-30,2024-05-31,20,True,True,True,True,18,18
ridge,2024-05-30,2024-05-31,2024-06-03,20,True,True,True,True,17,17
ridge,2024-05-31,2024-06-03,2024-06-04,20,True,True,True,True,16,15
ridge,2024-06-03,2024-06-04,2024-06-05,20,True,True,True,True,16,12
ridge,2024-06-04,2024-06-05,2024-06-06,20,True,True,True,True,20,20
ridge,2024-06-05,2024-06-06,2024-06-07,20,True,True,True,True,17,17
ridge,2024-06-06,2024-06-07,2024-06-10,20,True,True,True,True,19,19
ridge,2024-06-07,2024-06-10,2024-06-11,20,True,True,True,True,18,18
ridge,2024-06-10,2024-06-11,2024-06-12,20,True,True,True,True,19,19
ridge,2024-06-11,2024-06-12,2024-06-13,20,True,True,True,True,20,20
ridge,2024-06-12,2024-06-13,2024-06-14,20,True,True,True,True,20,20
ridge,2024-06-13,2024-06-14,2024-06-17,20,True,True,True,True,19,19
ridge,2024-06-14,2024-06-17,2024-06-18,20,True,True,True,True,20,20
ridge,2024-06-17,2024-06-18,2024-06-20,20,True,True,True,True,16,16
ridge,2024-06-18,2024-06-20,2024-06-21,20,True,True,True,True,20,20
ridge,2024-06-20,2024-06-21,2024-06-24,20,True,True,True,True,18,18
ridge,2024-06-21,2024-06-24,2024-06-25,20,True,True,True,True,19,19
ridge,2024-06-24,2024-06-25,2024-06-26,20,True,True,True,True,17,17
ridge,2024-06-25,2024-06-26,2024-06-27,20,True,True,True,True,18,18
ridge,2024-06-26,2024-06-27,2024-06-28,20,True,True,True,True,20,20
ridge,2024-06-27,2024-06-28,2024-07-01,20,True,True,True,True,17,16
ridge,2024-06-28,2024-07-01,2024-07-02,20,True,True,True,True,19,19
ridge,2024-07-01,2024-07-02,2024-07-03,20,True,True,False,False,17,15
ridge,2024-07-02,2024-07-03,2024-07-05,20,True,False,True,False,0,0
ridge,2024-07-03,2024-07-05,2024-07-08,20,True,True,True,True,20,20
ridge,2024-07-05,2024-07-08,2024-07-09,20,True,True,True,True,16,16
ridge,2024-07-08,2024-07-09,2024-07-10,20,True,True,True,True,17,17
ridge,2024-07-09,2024-07-10,2024-07-11,20,True,True,True,True,19,19
ridge,2024-07-10,2024-07-11,2024-07-12,20,True,True,True,True,17,17
ridge,2024-07-11,2024-07-12,2024-07-15,20,True,True,True,True,19,19
ridge,2024-07-12,2024-07-15,2024-07-16,20,True,True,True,True,19,19
ridge,2024-07-15,2024-07-16,2024-07-17,20,True,True,True,True,20,20
ridge,2024-07-16,2024-07-17,2024-07-18,20,True,True,True,True,18,16
ridge,2024-07-17,2024-07-18,2024-07-19,20,True,True,True,True,19,19
ridge,2024-07-18,2024-07-19,2024-07-22,20,True,True,True,True,19,19
ridge,2024-07-19,2024-07-22,2024-07-23,20,True,True,True,True,17,16
ridge,2024-07-22,2024-07-23,2024-07-24,20,True,True,True,True,19,19
ridge,2024-07-23,2024-07-24,2024-07-25,20,True,True,True,True,16,15
ridge,2024-07-24,2024-07-25,2024-07-26,20,True,True,True,True,19,18
ridge,2024-07-25,2024-07-26,2024-07-29,20,True,True,True,True,18,18
ridge,2024-07-26,2024-07-29,2024-07-30,20,True,True,True,True,19,19
ridge,2024-07-29,2024-07-30,2024-07-31,20,True,True,True,True,19,19
ridge,2024-07-30,2024-07-31,2024-08-01,20,True,True,True,True,17,16
ridge,2024-07-31,2024-08-01,2024-08-02,20,True,True,True,True,20,20
ridge,2024-08-01,2024-08-02,2024-08-05,20,True,True,True,True,19,19
ridge,2024-08-02,2024-08-05,2024-08-06,20,True,True,True,True,20,20
ridge,2024-08-05,2024-08-06,2024-08-07,20,True,True,True,True,20,20
ridge,2024-08-06,2024-08-07,2024-08-08,20,True,True,True,True,20,20
ridge,2024-08-07,2024-08-08,2024-08-09,20,True,True,True,True,17,17
ridge,2024-08-08,2024-08-09,2024-08-12,20,True,True,True,True,17,17
ridge,2024-08-09,2024-08-12,2024-08-13,20,True,True,True,True,19,19
ridge,2024-08-12,2024-08-13,2024-08-14,20,True,True,True,True,18,18
ridge,2024-08-13,2024-08-14,2024-08-15,20,True,True,True,True,19,19
ridge,2024-08-14,2024-08-15,2024-08-16,20,True,True,True,True,19,18
ridge,2024-08-15,2024-08-16,2024-08-19,20,True,True,True,True,17,17
ridge,2024-08-16,2024-08-19,2024-08-20,20,True,True,True,True,20,20
ridge,2024-08-19,2024-08-20,2024-08-21,20,True,True,True,True,20,20
ridge,2024-08-20,2024-08-21,2024-08-22,20,True,True,True,True,18,18
ridge,2024-08-21,2024-08-22,2024-08-23,20,True,True,True,True,19,19
ridge,2024-08-22,2024-08-23,2024-08-26,20,True,True,True,True,18,18
ridge,2024-08-23,2024-08-26,2024-08-27,20,True,True,True,True,19,19
ridge,2024-08-26,2024-08-27,2024-08-28,20,True,True,True,True,17,17
ridge,2024-08-27,2024-08-28,2024-08-29,20,True,True,True,True,20,20
ridge,2024-08-28,2024-08-29,2024-08-30,20,True,True,True,True,20,20
ridge,2024-08-29,2024-08-30,2024-09-03,20,True,True,True,True,20,20
ridge,2024-08-30,2024-09-03,2024-09-04,20,True,True,True,True,16,16
ridge,2024-09-03,2024-09-04,2024-09-05,20,True,True,True,True,19,19
ridge,2024-09-04,2024-09-05,2024-09-06,20,True,True,True,True,19,19
ridge,2024-09-05,2024-09-06,2024-09-09,20,True,True,True,True,19,19
ridge,2024-09-06,2024-09-09,2024-09-10,20,True,True,True,True,20,20
ridge,2024-09-09,2024-09-10,2024-09-11,20,True,True,True,True,20,20
ridge,2024-09-10,2024-09-11,2024-09-12,20,True,True,True,True,19,19
ridge,2024-09-11,2024-09-12,2024-09-13,20,True,True,True,True,18,17
ridge,2024-09-12,2024-09-13,2024-09-16,20,True,True,True,True,19,19
ridge,2024-09-13,2024-09-16,2024-09-17,20,True,True,True,True,17,17
ridge,2024-09-16,2024-09-17,2024-09-18,20,True,True,True,True,18,18
ridge,2024-09-17,2024-09-18,2024-09-19,20,True,True,True,True,17,17
ridge,2024-09-18,2024-09-19,2024-09-20,20,True,True,True,True,19,19
ridge,2024-09-19,2024-09-20,2024-09-23,20,True,True,True,True,17,17
ridge,2024-09-20,2024-09-23,2024-09-24,20,True,True,True,True,19,19
ridge,2024-09-23,2024-09-24,2024-09-25,20,True,True,True,True,17,17
ridge,2024-09-24,2024-09-25,2024-09-26,20,True,True,True,True,19,19
ridge,2024-09-25,2024-09-26,2024-09-27,20,True,True,True,True,20,20
ridge,2024-09-26,2024-09-27,2024-09-30,20,True,True,True,True,17,17
ridge,2024-09-27,2024-09-30,2024-10-01,20,True,True,True,True,18,18
ridge,2024-09-30,2024-10-01,2024-10-02,20,True,True,True,True,18,18
ridge,2024-10-01,2024-10-02,2024-10-03,20,True,True,True,True,16,16
ridge,2024-10-02,2024-10-03,2024-10-04,20,True,True,True,True,20,20
ridge,2024-10-03,2024-10-04,2024-10-07,20,True,True,True,True,16,15
ridge,2024-10-04,2024-10-07,2024-10-08,20,True,True,True,True,15,14
ridge,2024-10-07,2024-10-08,2024-10-09,20,True,True,True,True,15,14
ridge,2024-10-08,2024-10-09,2024-10-10,20,True,True,True,True,18,18
ridge,2024-10-09,2024-10-10,2024-10-11,20,True,True,True,True,19,19
ridge,2024-10-10,2024-10-11,2024-10-14,20,True,True,True,True,18,18
ridge,2024-10-11,2024-10-14,2024-10-15,20,True,True,True,True,0,0
ridge,2024-10-15,2024-10-16,2024-10-17,20,True,True,True,True,17,17
ridge,2024-10-16,2024-10-17,2024-10-18,20,True,True,True,True,19,19
ridge,2024-10-17,2024-10-18,2024-10-21,20,True,True,True,True,19,19
ridge,2024-10-18,2024-10-21,2024-10-22,20,True,True,True,True,19,19
ridge,2024-10-21,2024-10-22,2024-10-23,20,True,True,True,True,17,17
ridge,2024-10-22,2024-10-23,2024-10-24,20,True,True,True,True,16,15
ridge,2024-10-23,2024-10-24,2024-10-25,20,True,True,True,True,18,18
ridge,2024-10-24,2024-10-25,2024-10-28,20,True,True,True,True,18,18
ridge,2024-10-25,2024-10-28,2024-10-29,20,True,True,True,True,18,17
ridge,2024-10-28,2024-10-29,2024-10-30,20,True,True,True,True,16,15
ridge,2024-10-29,2024-10-30,2024-10-31,20,True,True,True,True,17,17
ridge,2024-10-30,2024-10-31,2024-11-01,20,True,True,True,True,19,19
ridge,2024-10-31,2024-11-01,2024-11-04,20,True,True,True,True,19,19
ridge,2024-11-01,2024-11-04,2024-11-05,20,True,True,True,True,19,19
ridge,2024-11-04,2024-11-05,2024-11-06,20,True,True,True,True,18,17
ridge,2024-11-05,2024-11-06,2024-11-07,20,True,True,True,True,20,20
ridge,2024-11-06,2024-11-07,2024-11-08,20,True,True,True,True,19,19
ridge,2024-11-07,2024-11-08,2024-11-11,20,True,True,True,True,19,19
ridge,2024-11-08,2024-11-11,2024-11-12,20,True,True,True,True,0,0
ridge,2024-11-12,2024-11-13,2024-11-14,20,True,True,True,True,19,19
ridge,2024-11-13,2024-11-14,2024-11-15,20,True,True,True,True,19,19
ridge,2024-11-14,2024-11-15,2024-11-18,20,True,True,True,True,18,18
ridge,2024-11-15,2024-11-18,2024-11-19,20,True,True,True,True,19,19
ridge,2024-11-18,2024-11-19,2024-11-20,20,True,True,True,True,17,17
ridge,2024-11-19,2024-11-20,2024-11-21,20,True,True,True,True,17,17
ridge,2024-11-20,2024-11-21,2024-11-22,20,True,True,True,True,20,20
ridge,2024-11-21,2024-11-22,2024-11-25,20,True,True,True,True,14,14
ridge,2024-11-22,2024-11-25,2024-11-26,20,True,True,True,True,20,20
ridge,2024-11-25,2024-11-26,2024-11-27,20,True,True,True,True,17,16
ridge,2024-11-26,2024-11-27,2024-11-29,20,True,True,False,False,19,19
ridge,2024-11-27,2024-11-29,2024-12-02,20,True,False,True,False,0,0
ridge,2024-11-29,2024-12-02,2024-12-03,20,True,True,True,True,18,18
ridge,2024-12-02,2024-12-03,2024-12-04,20,True,True,True,True,18,18
ridge,2024-12-03,2024-12-04,2024-12-05,20,True,True,True,True,18,18
ridge,2024-12-04,2024-12-05,2024-12-06,20,True,True,True,True,18,18
ridge,2024-12-05,2024-12-06,2024-12-09,20,True,True,True,True,18,18
ridge,2024-12-06,2024-12-09,2024-12-10,20,True,True,True,True,19,19
ridge,2024-12-09,2024-12-10,2024-12-11,20,True,True,True,True,19,19
ridge,2024-12-10,2024-12-11,2024-12-12,20,True,True,True,True,19,18
ridge,2024-12-11,2024-12-12,2024-12-13,20,True,True,True,True,20,20
ridge,2024-12-12,2024-12-13,2024-12-16,20,True,True,True,True,17,17
ridge,2024-12-13,2024-12-16,2024-12-17,20,True,True,True,True,19,19
ridge,2024-12-16,2024-12-17,2024-12-18,20,True,True,True,True,17,17
ridge,2024-12-17,2024-12-18,2024-12-19,20,True,True,True,True,19,19
ridge,2024-12-18,2024-12-19,2024-12-20,20,True,True,True,True,19,19
ridge,2024-12-19,2024-12-20,2024-12-23,20,True,True,True,True,18,18
ridge,2024-12-20,2024-12-23,2024-12-24,20,True,True,False,False,19,19
ridge,2024-12-23,2024-12-24,2024-12-26,20,True,False,True,False,0,0
ridge,2024-12-24,2024-12-26,2024-12-27,20,True,True,True,True,18,18
ridge,2024-12-26,2024-12-27,2024-12-30,20,True,True,True,True,19,19
ridge,2024-12-27,2024-12-30,2024-12-31,20,True,True,True,True,19,19
ridge,2024-12-30,2024-12-31,2025-01-02,20,True,True,True,True,16,16
ridge,2024-12-31,2025-01-02,2025-01-03,20,True,True,True,True,0,0
xgboost,2023-04-21,2023-04-24,2023-04-25,20,True,True,True,True,20,20
xgboost,2023-04-24,2023-04-25,2023-04-26,20,True,True,True,True,19,19
xgboost,2023-04-25,2023-04-26,2023-04-27,20,True,True,True,True,19,19
xgboost,2023-04-26,2023-04-27,2023-04-28,20,True,True,True,True,17,17
xgboost,2023-04-27,2023-04-28,2023-05-01,20,True,True,True,True,18,18
xgboost,2023-04-28,2023-05-01,2023-05-02,20,True,True,True,True,20,20
xgboost,2023-05-01,2023-05-02,2023-05-03,20,True,True,True,True,19,19
xgboost,2023-05-02,2023-05-03,2023-05-04,20,True,True,True,True,20,20
xgboost,2023-05-03,2023-05-04,2023-05-05,20,True,True,True,True,20,20
xgboost,2023-05-04,2023-05-05,2023-05-08,20,True,True,True,True,19,18
xgboost,2023-05-05,2023-05-08,2023-05-09,20,True,True,True,True,19,19
xgboost,2023-05-08,2023-05-09,2023-05-10,20,True,True,True,True,20,20
xgboost,2023-05-09,2023-05-10,2023-05-11,20,True,True,True,True,18,18
xgboost,2023-05-10,2023-05-11,2023-05-12,20,True,True,True,True,19,19
xgboost,2023-05-11,2023-05-12,2023-05-15,20,True,True,True,True,19,19
xgboost,2023-05-12,2023-05-15,2023-05-16,20,True,True,True,True,20,20
xgboost,2023-05-15,2023-05-16,2023-05-17,20,True,True,True,True,19,19
xgboost,2023-05-16,2023-05-17,2023-05-18,20,True,True,True,True,19,19
xgboost,2023-05-17,2023-05-18,2023-05-19,20,True,True,True,True,20,20
xgboost,2023-05-18,2023-05-19,2023-05-22,20,True,True,True,True,18,18
xgboost,2023-05-19,2023-05-22,2023-05-23,20,True,True,True,True,17,17
xgboost,2023-05-22,2023-05-23,2023-05-24,20,True,True,True,True,18,18
xgboost,2023-05-23,2023-05-24,2023-05-25,20,True,True,True,True,19,18
xgboost,2023-05-24,2023-05-25,2023-05-26,20,True,True,True,True,20,20
xgboost,2023-05-25,2023-05-26,2023-05-30,20,True,True,True,True,20,20
xgboost,2023-05-26,2023-05-30,2023-05-31,20,True,True,True,True,17,17
xgboost,2023-05-30,2023-05-31,2023-06-01,20,True,True,True,True,18,18
xgboost,2023-05-31,2023-06-01,2023-06-02,20,True,True,True,True,19,18
xgboost,2023-06-01,2023-06-02,2023-06-05,20,True,True,True,True,20,20
xgboost,2023-06-02,2023-06-05,2023-06-06,20,True,True,True,True,18,18
xgboost,2023-06-05,2023-06-06,2023-06-07,20,True,True,True,True,19,19
xgboost,2023-06-06,2023-06-07,2023-06-08,20,True,True,True,True,18,16
xgboost,2023-06-07,2023-06-08,2023-06-09,20,True,True,True,True,19,19
xgboost,2023-06-08,2023-06-09,2023-06-12,20,True,True,True,True,19,19
xgboost,2023-06-09,2023-06-12,2023-06-13,20,True,True,True,True,20,20
xgboost,2023-06-12,2023-06-13,2023-06-14,20,True,True,True,True,20,20
xgboost,2023-06-13,2023-06-14,2023-06-15,20,True,True,True,True,18,18
xgboost,2023-06-14,2023-06-15,2023-06-16,20,True,True,True,True,20,20
xgboost,2023-06-15,2023-06-16,2023-06-20,20,True,True,True,True,20,20
xgboost,2023-06-16,2023-06-20,2023-06-21,20,True,True,True,True,19,19
xgboost,2023-06-20,2023-06-21,2023-06-22,20,True,True,True,True,19,19
xgboost,2023-06-21,2023-06-22,2023-06-23,20,True,True,True,True,18,18
xgboost,2023-06-22,2023-06-23,2023-06-26,20,True,True,True,True,19,19
xgboost,2023-06-23,2023-06-26,2023-06-27,20,True,True,True,True,20,20
xgboost,2023-06-26,2023-06-27,2023-06-28,20,True,True,True,True,18,18
xgboost,2023-06-27,2023-06-28,2023-06-29,20,True,True,True,True,19,19
xgboost,2023-06-28,2023-06-29,2023-06-30,20,True,True,True,True,17,17
xgboost,2023-06-29,2023-06-30,2023-07-03,20,True,True,False,False,20,20
xgboost,2023-06-30,2023-07-03,2023-07-05,20,True,False,True,False,0,0
xgboost,2023-07-03,2023-07-05,2023-07-06,20,True,True,True,True,17,17
xgboost,2023-07-05,2023-07-06,2023-07-07,20,True,True,True,True,19,18
xgboost,2023-07-06,2023-07-07,2023-07-10,20,True,True,True,True,19,19
xgboost,2023-07-07,2023-07-10,2023-07-11,20,True,True,True,True,18,18
xgboost,2023-07-10,2023-07-11,2023-07-12,20,True,True,True,True,18,17
xgboost,2023-07-11,2023-07-12,2023-07-13,20,True,True,True,True,18,18
xgboost,2023-07-12,2023-07-13,2023-07-14,20,True,True,True,True,17,17
xgboost,2023-07-13,2023-07-14,2023-07-17,20,True,True,True,True,20,20
xgboost,2023-07-14,2023-07-17,2023-07-18,20,True,True,True,True,19,19
xgboost,2023-07-17,2023-07-18,2023-07-19,20,True,True,True,True,16,16
xgboost,2023-07-18,2023-07-19,2023-07-20,20,True,True,True,True,18,18
xgboost,2023-07-19,2023-07-20,2023-07-21,20,True,True,True,True,20,20
xgboost,2023-07-20,2023-07-21,2023-07-24,20,True,True,True,True,15,15
xgboost,2023-07-21,2023-07-24,2023-07-25,20,True,True,True,True,16,15
xgboost,2023-07-24,2023-07-25,2023-07-26,20,True,True,True,True,17,17
xgboost,2023-07-25,2023-07-26,2023-07-27,20,True,True,True,True,17,16
xgboost,2023-07-26,2023-07-27,2023-07-28,20,True,True,True,True,20,20
xgboost,2023-07-27,2023-07-28,2023-07-31,20,True,True,True,True,18,18
xgboost,2023-07-28,2023-07-31,2023-08-01,20,True,True,True,True,18,18
xgboost,2023-07-31,2023-08-01,2023-08-02,20,True,True,True,True,18,18
xgboost,2023-08-01,2023-08-02,2023-08-03,20,True,True,True,True,18,18
xgboost,2023-08-02,2023-08-03,2023-08-04,20,True,True,True,True,20,20
xgboost,2023-08-03,2023-08-04,2023-08-07,20,True,True,True,True,18,18
xgboost,2023-08-04,2023-08-07,2023-08-08,20,True,True,True,True,19,19
xgboost,2023-08-07,2023-08-08,2023-08-09,20,True,True,True,True,18,18
xgboost,2023-08-08,2023-08-09,2023-08-10,20,True,True,True,True,17,15
xgboost,2023-08-09,2023-08-10,2023-08-11,20,True,True,True,True,20,20
xgboost,2023-08-10,2023-08-11,2023-08-14,20,True,True,True,True,20,20
xgboost,2023-08-11,2023-08-14,2023-08-15,20,True,True,True,True,20,20
xgboost,2023-08-14,2023-08-15,2023-08-16,20,True,True,True,True,20,20
xgboost,2023-08-15,2023-08-16,2023-08-17,20,True,True,True,True,20,20
xgboost,2023-08-16,2023-08-17,2023-08-18,20,True,True,True,True,18,18
xgboost,2023-08-17,2023-08-18,2023-08-21,20,True,True,True,True,17,16
xgboost,2023-08-18,2023-08-21,2023-08-22,20,True,True,True,True,19,19
xgboost,2023-08-21,2023-08-22,2023-08-23,20,True,True,True,True,18,18
xgboost,2023-08-22,2023-08-23,2023-08-24,20,True,True,True,True,18,18
xgboost,2023-08-23,2023-08-24,2023-08-25,20,True,True,True,True,18,18
xgboost,2023-08-24,2023-08-25,2023-08-28,20,True,True,True,True,20,20
xgboost,2023-08-25,2023-08-28,2023-08-29,20,True,True,True,True,19,19
xgboost,2023-08-28,2023-08-29,2023-08-30,20,True,True,True,True,20,20
xgboost,2023-08-29,2023-08-30,2023-08-31,20,True,True,True,True,20,20
xgboost,2023-08-30,2023-08-31,2023-09-01,20,True,True,True,True,20,20
xgboost,2023-08-31,2023-09-01,2023-09-05,20,True,True,True,True,19,19
xgboost,2023-09-01,2023-09-05,2023-09-06,20,True,True,True,True,20,20
xgboost,2023-09-05,2023-09-06,2023-09-07,20,True,True,True,True,19,19
xgboost,2023-09-06,2023-09-07,2023-09-08,20,True,True,True,True,19,19
xgboost,2023-09-07,2023-09-08,2023-09-11,20,True,True,True,True,20,20
xgboost,2023-09-08,2023-09-11,2023-09-12,20,True,True,True,True,19,19
xgboost,2023-09-11,2023-09-12,2023-09-13,20,True,True,True,True,20,20
xgboost,2023-09-12,2023-09-13,2023-09-14,20,True,True,True,True,17,17
xgboost,2023-09-13,2023-09-14,2023-09-15,20,True,True,True,True,18,18
xgboost,2023-09-14,2023-09-15,2023-09-18,20,True,True,True,True,20,20
xgboost,2023-09-15,2023-09-18,2023-09-19,20,True,True,True,True,17,17
xgboost,2023-09-18,2023-09-19,2023-09-20,20,True,True,True,True,20,20
xgboost,2023-09-19,2023-09-20,2023-09-21,20,True,True,True,True,19,19
xgboost,2023-09-20,2023-09-21,2023-09-22,20,True,True,True,True,17,17
xgboost,2023-09-21,2023-09-22,2023-09-25,20,True,True,True,True,19,19
xgboost,2023-09-22,2023-09-25,2023-09-26,20,True,True,True,True,19,18
xgboost,2023-09-25,2023-09-26,2023-09-27,20,True,True,True,True,20,20
xgboost,2023-09-26,2023-09-27,2023-09-28,20,True,True,True,True,20,20
xgboost,2023-09-27,2023-09-28,2023-09-29,20,True,True,True,True,20,20
xgboost,2023-09-28,2023-09-29,2023-10-02,20,True,True,True,True,19,19
xgboost,2023-09-29,2023-10-02,2023-10-03,20,True,True,True,True,20,20
xgboost,2023-10-02,2023-10-03,2023-10-04,20,True,True,True,True,19,19
xgboost,2023-10-03,2023-10-04,2023-10-05,20,True,True,True,True,20,20
xgboost,2023-10-04,2023-10-05,2023-10-06,20,True,True,True,True,20,20
xgboost,2023-10-05,2023-10-06,2023-10-09,20,True,True,True,True,20,20
xgboost,2023-10-06,2023-10-09,2023-10-10,20,True,True,True,True,0,0
xgboost,2023-10-10,2023-10-11,2023-10-12,20,True,True,True,True,20,20
xgboost,2023-10-11,2023-10-12,2023-10-13,20,True,True,True,True,19,19
xgboost,2023-10-12,2023-10-13,2023-10-16,20,True,True,True,True,18,18
xgboost,2023-10-13,2023-10-16,2023-10-17,20,True,True,True,True,19,19
xgboost,2023-10-16,2023-10-17,2023-10-18,20,True,True,True,True,19,19
xgboost,2023-10-17,2023-10-18,2023-10-19,20,True,True,True,True,19,18
xgboost,2023-10-18,2023-10-19,2023-10-20,20,True,True,True,True,19,19
xgboost,2023-10-19,2023-10-20,2023-10-23,20,True,True,True,True,20,20
xgboost,2023-10-20,2023-10-23,2023-10-24,20,True,True,True,True,20,20
xgboost,2023-10-23,2023-10-24,2023-10-25,20,True,True,True,True,19,19
xgboost,2023-10-24,2023-10-25,2023-10-26,20,True,True,True,True,18,18
xgboost,2023-10-25,2023-10-26,2023-10-27,20,True,True,True,True,19,19
xgboost,2023-10-26,2023-10-27,2023-10-30,20,True,True,True,True,17,16
xgboost,2023-10-27,2023-10-30,2023-10-31,20,True,True,True,True,20,20
xgboost,2023-10-30,2023-10-31,2023-11-01,20,True,True,True,True,20,20
xgboost,2023-10-31,2023-11-01,2023-11-02,20,True,True,True,True,0,0
xgboost,2023-11-02,2023-11-03,2023-11-06,20,True,True,True,True,19,19
xgboost,2023-11-03,2023-11-06,2023-11-07,20,True,True,True,True,19,19
xgboost,2023-11-06,2023-11-07,2023-11-08,20,True,True,True,True,19,19
xgboost,2023-11-07,2023-11-08,2023-11-09,20,True,True,True,True,20,20
xgboost,2023-11-08,2023-11-09,2023-11-10,20,True,True,True,True,20,20
xgboost,2023-11-09,2023-11-10,2023-11-13,20,True,True,True,True,19,19
xgboost,2023-11-10,2023-11-13,2023-11-14,20,True,True,True,True,19,19
xgboost,2023-11-13,2023-11-14,2023-11-15,20,True,True,True,True,18,18
xgboost,2023-11-14,2023-11-15,2023-11-16,20,True,True,True,True,18,17
xgboost,2023-11-15,2023-11-16,2023-11-17,20,True,True,True,True,20,20
xgboost,2023-11-16,2023-11-17,2023-11-20,20,True,True,True,True,20,20
xgboost,2023-11-17,2023-11-20,2023-11-21,20,True,True,True,True,20,20
xgboost,2023-11-20,2023-11-21,2023-11-22,20,True,True,True,True,19,19
xgboost,2023-11-21,2023-11-22,2023-11-24,20,True,True,False,False,18,18
xgboost,2023-11-22,2023-11-24,2023-11-27,20,True,False,True,False,0,0
xgboost,2023-11-24,2023-11-27,2023-11-28,20,True,True,True,True,16,14
xgboost,2023-11-27,2023-11-28,2023-11-29,20,True,True,True,True,18,18
xgboost,2023-11-28,2023-11-29,2023-11-30,20,True,True,True,True,18,18
xgboost,2023-11-29,2023-11-30,2023-12-01,20,True,True,True,True,17,17
xgboost,2023-11-30,2023-12-01,2023-12-04,20,True,True,True,True,18,18
xgboost,2023-12-01,2023-12-04,2023-12-05,20,True,True,True,True,18,17
xgboost,2023-12-04,2023-12-05,2023-12-06,20,True,True,True,True,19,19
xgboost,2023-12-05,2023-12-06,2023-12-07,20,True,True,True,True,18,17
xgboost,2023-12-06,2023-12-07,2023-12-08,20,True,True,True,True,17,17
xgboost,2023-12-07,2023-12-08,2023-12-11,20,True,True,True,True,19,19
xgboost,2023-12-08,2023-12-11,2023-12-12,20,True,True,True,True,20,20
xgboost,2023-12-11,2023-12-12,2023-12-13,20,True,True,True,True,20,20
xgboost,2023-12-12,2023-12-13,2023-12-14,20,True,True,True,True,19,19
xgboost,2023-12-13,2023-12-14,2023-12-15,20,True,True,True,True,19,18
xgboost,2023-12-14,2023-12-15,2023-12-18,20,True,True,True,True,19,19
xgboost,2023-12-15,2023-12-18,2023-12-19,20,True,True,True,True,19,19
xgboost,2023-12-18,2023-12-19,2023-12-20,20,True,True,True,True,20,20
xgboost,2023-12-19,2023-12-20,2023-12-21,20,True,True,True,True,19,19
xgboost,2023-12-20,2023-12-21,2023-12-22,20,True,True,True,True,18,18
xgboost,2023-12-21,2023-12-22,2023-12-26,20,True,True,True,True,19,19
xgboost,2023-12-22,2023-12-26,2023-12-27,20,True,True,True,True,16,16
xgboost,2023-12-26,2023-12-27,2023-12-28,20,True,True,True,True,18,18
xgboost,2023-12-27,2023-12-28,2023-12-29,20,True,True,True,True,19,19
xgboost,2023-12-28,2023-12-29,2024-01-02,20,True,True,True,True,20,20
xgboost,2023-12-29,2024-01-02,2024-01-03,20,True,True,True,True,19,19
xgboost,2024-01-02,2024-01-03,2024-01-04,20,True,True,True,True,20,20
xgboost,2024-01-03,2024-01-04,2024-01-05,20,True,True,True,True,20,20
xgboost,2024-01-04,2024-01-05,2024-01-08,20,True,True,True,True,18,18
xgboost,2024-01-05,2024-01-08,2024-01-09,20,True,True,True,True,16,13
xgboost,2024-01-08,2024-01-09,2024-01-10,20,True,True,True,True,18,18
xgboost,2024-01-09,2024-01-10,2024-01-11,20,True,True,True,True,18,18
xgboost,2024-01-10,2024-01-11,2024-01-12,20,True,True,True,True,18,18
xgboost,2024-01-11,2024-01-12,2024-01-16,20,True,True,True,True,20,20
xgboost,2024-01-12,2024-01-16,2024-01-17,20,True,True,True,True,19,19
xgboost,2024-01-16,2024-01-17,2024-01-18,20,True,True,True,True,18,17
xgboost,2024-01-17,2024-01-18,2024-01-19,20,True,True,True,True,18,18
xgboost,2024-01-18,2024-01-19,2024-01-22,20,True,True,True,True,18,17
xgboost,2024-01-19,2024-01-22,2024-01-23,20,True,True,True,True,19,19
xgboost,2024-01-22,2024-01-23,2024-01-24,20,True,True,True,True,19,19
xgboost,2024-01-23,2024-01-24,2024-01-25,20,True,True,True,True,20,20
xgboost,2024-01-24,2024-01-25,2024-01-26,20,True,True,True,True,18,17
xgboost,2024-01-25,2024-01-26,2024-01-29,20,True,True,True,True,20,20
xgboost,2024-01-26,2024-01-29,2024-01-30,20,True,True,True,True,17,17
xgboost,2024-01-29,2024-01-30,2024-01-31,20,True,True,True,True,19,19
xgboost,2024-01-30,2024-01-31,2024-02-01,20,True,True,True,True,20,20
xgboost,2024-01-31,2024-02-01,2024-02-02,20,True,True,True,True,18,17
xgboost,2024-02-01,2024-02-02,2024-02-05,20,True,True,True,True,17,17
xgboost,2024-02-02,2024-02-05,2024-02-06,20,True,True,True,True,19,19
xgboost,2024-02-05,2024-02-06,2024-02-07,20,True,True,True,True,18,17
xgboost,2024-02-06,2024-02-07,2024-02-08,20,True,True,True,True,19,19
xgboost,2024-02-07,2024-02-08,2024-02-09,20,True,True,True,True,20,20
xgboost,2024-02-08,2024-02-09,2024-02-12,20,True,True,True,True,20,20
xgboost,2024-02-09,2024-02-12,2024-02-13,20,True,True,True,True,19,19
xgboost,2024-02-12,2024-02-13,2024-02-14,20,True,True,True,True,20,20
xgboost,2024-02-13,2024-02-14,2024-02-15,20,True,True,True,True,19,19
xgboost,2024-02-14,2024-02-15,2024-02-16,20,True,True,True,True,20,20
xgboost,2024-02-15,2024-02-16,2024-02-20,20,True,True,True,True,19,19
xgboost,2024-02-16,2024-02-20,2024-02-21,20,True,True,True,True,18,18
xgboost,2024-02-20,2024-02-21,2024-02-22,20,True,True,True,True,20,20
xgboost,2024-02-21,2024-02-22,2024-02-23,20,True,True,True,True,20,20
xgboost,2024-02-22,2024-02-23,2024-02-26,20,True,True,True,True,19,19
xgboost,2024-02-23,2024-02-26,2024-02-27,20,True,True,True,True,20,20
xgboost,2024-02-26,2024-02-27,2024-02-28,20,True,True,True,True,19,19
xgboost,2024-02-27,2024-02-28,2024-02-29,20,True,True,True,True,20,20
xgboost,2024-02-28,2024-02-29,2024-03-01,20,True,True,True,True,18,18
xgboost,2024-02-29,2024-03-01,2024-03-04,20,True,True,True,True,20,20
xgboost,2024-03-01,2024-03-04,2024-03-05,20,True,True,True,True,19,18
xgboost,2024-03-04,2024-03-05,2024-03-06,20,True,True,True,True,19,19
xgboost,2024-03-05,2024-03-06,2024-03-07,20,True,True,True,True,19,18
xgboost,2024-03-06,2024-03-07,2024-03-08,20,True,True,True,True,19,19
xgboost,2024-03-07,2024-03-08,2024-03-11,20,True,True,True,True,19,19
xgboost,2024-03-08,2024-03-11,2024-03-12,20,True,True,True,True,19,19
xgboost,2024-03-11,2024-03-12,2024-03-13,20,True,True,True,True,18,18
xgboost,2024-03-12,2024-03-13,2024-03-14,20,True,True,True,True,19,19
xgboost,2024-03-13,2024-03-14,2024-03-15,20,True,True,True,True,20,20
xgboost,2024-03-14,2024-03-15,2024-03-18,20,True,True,True,True,18,18
xgboost,2024-03-15,2024-03-18,2024-03-19,20,True,True,True,True,20,20
xgboost,2024-03-18,2024-03-19,2024-03-20,20,True,True,True,True,19,19
xgboost,2024-03-19,2024-03-20,2024-03-21,20,True,True,True,True,18,18
xgboost,2024-03-20,2024-03-21,2024-03-22,20,True,True,True,True,17,16
xgboost,2024-03-21,2024-03-22,2024-03-25,20,True,True,True,True,18,18
xgboost,2024-03-22,2024-03-25,2024-03-26,20,True,True,True,True,20,20
xgboost,2024-03-25,2024-03-26,2024-03-27,20,True,True,True,True,19,19
xgboost,2024-03-26,2024-03-27,2024-03-28,20,True,True,True,True,19,18
xgboost,2024-03-27,2024-03-28,2024-04-01,20,True,True,True,True,18,18
xgboost,2024-03-28,2024-04-01,2024-04-02,20,True,True,True,True,20,20
xgboost,2024-04-01,2024-04-02,2024-04-03,20,True,True,True,True,20,20
xgboost,2024-04-02,2024-04-03,2024-04-04,20,True,True,True,True,20,20
xgboost,2024-04-03,2024-04-04,2024-04-05,20,True,True,True,True,20,20
xgboost,2024-04-04,2024-04-05,2024-04-08,20,True,True,True,True,17,17
xgboost,2024-04-05,2024-04-08,2024-04-09,20,True,True,True,True,19,19
xgboost,2024-04-08,2024-04-09,2024-04-10,20,True,True,True,True,19,19
xgboost,2024-04-09,2024-04-10,2024-04-11,20,True,True,True,True,17,17
xgboost,2024-04-10,2024-04-11,2024-04-12,20,True,True,True,True,19,18
xgboost,2024-04-11,2024-04-12,2024-04-15,20,True,True,True,True,19,18
xgboost,2024-04-12,2024-04-15,2024-04-16,20,True,True,True,True,20,20
xgboost,2024-04-15,2024-04-16,2024-04-17,20,True,True,True,True,20,20
xgboost,2024-04-16,2024-04-17,2024-04-18,20,True,True,True,True,20,20
xgboost,2024-04-17,2024-04-18,2024-04-19,20,True,True,True,True,19,19
xgboost,2024-04-18,2024-04-19,2024-04-22,20,True,True,True,True,18,18
xgboost,2024-04-19,2024-04-22,2024-04-23,20,True,True,True,True,19,19
xgboost,2024-04-22,2024-04-23,2024-04-24,20,True,True,True,True,20,20
xgboost,2024-04-23,2024-04-24,2024-04-25,20,True,True,True,True,20,20
xgboost,2024-04-24,2024-04-25,2024-04-26,20,True,True,True,True,19,19
xgboost,2024-04-25,2024-04-26,2024-04-29,20,True,True,True,True,20,20
xgboost,2024-04-26,2024-04-29,2024-04-30,20,True,True,True,True,20,20
xgboost,2024-04-29,2024-04-30,2024-05-01,20,True,True,True,True,18,18
xgboost,2024-04-30,2024-05-01,2024-05-02,20,True,True,True,True,18,18
xgboost,2024-05-01,2024-05-02,2024-05-03,20,True,True,True,True,18,17
xgboost,2024-05-02,2024-05-03,2024-05-06,20,True,True,True,True,20,20
xgboost,2024-05-03,2024-05-06,2024-05-07,20,True,True,True,True,19,19
xgboost,2024-05-06,2024-05-07,2024-05-08,20,True,True,True,True,19,19
xgboost,2024-05-07,2024-05-08,2024-05-09,20,True,True,True,True,19,18
xgboost,2024-05-08,2024-05-09,2024-05-10,20,True,True,True,True,20,20
xgboost,2024-05-09,2024-05-10,2024-05-13,20,True,True,True,True,20,20
xgboost,2024-05-10,2024-05-13,2024-05-14,20,True,True,True,True,16,16
xgboost,2024-05-13,2024-05-14,2024-05-15,20,True,True,True,True,19,18
xgboost,2024-05-14,2024-05-15,2024-05-16,20,True,True,True,True,20,20
xgboost,2024-05-15,2024-05-16,2024-05-17,20,True,True,True,True,19,19
xgboost,2024-05-16,2024-05-17,2024-05-20,20,True,True,True,True,17,16
xgboost,2024-05-17,2024-05-20,2024-05-21,20,True,True,True,True,20,20
xgboost,2024-05-20,2024-05-21,2024-05-22,20,True,True,True,True,17,17
xgboost,2024-05-21,2024-05-22,2024-05-23,20,True,True,True,True,19,19
xgboost,2024-05-22,2024-05-23,2024-05-24,20,True,True,True,True,17,16
xgboost,2024-05-23,2024-05-24,2024-05-28,20,True,True,True,True,16,15
xgboost,2024-05-24,2024-05-28,2024-05-29,20,True,True,True,True,18,18
xgboost,2024-05-28,2024-05-29,2024-05-30,20,True,True,True,True,19,19
xgboost,2024-05-29,2024-05-30,2024-05-31,20,True,True,True,True,18,18
xgboost,2024-05-30,2024-05-31,2024-06-03,20,True,True,True,True,19,19
xgboost,2024-05-31,2024-06-03,2024-06-04,20,True,True,True,True,16,16
xgboost,2024-06-03,2024-06-04,2024-06-05,20,True,True,True,True,19,19
xgboost,2024-06-04,2024-06-05,2024-06-06,20,True,True,True,True,19,18
xgboost,2024-06-05,2024-06-06,2024-06-07,20,True,True,True,True,19,18
xgboost,2024-06-06,2024-06-07,2024-06-10,20,True,True,True,True,19,18
xgboost,2024-06-07,2024-06-10,2024-06-11,20,True,True,True,True,20,20
xgboost,2024-06-10,2024-06-11,2024-06-12,20,True,True,True,True,19,19
xgboost,2024-06-11,2024-06-12,2024-06-13,20,True,True,True,True,20,20
xgboost,2024-06-12,2024-06-13,2024-06-14,20,True,True,True,True,19,19
xgboost,2024-06-13,2024-06-14,2024-06-17,20,True,True,True,True,20,20
xgboost,2024-06-14,2024-06-17,2024-06-18,20,True,True,True,True,20,20
xgboost,2024-06-17,2024-06-18,2024-06-20,20,True,True,True,True,20,20
xgboost,2024-06-18,2024-06-20,2024-06-21,20,True,True,True,True,18,17
xgboost,2024-06-20,2024-06-21,2024-06-24,20,True,True,True,True,20,20
xgboost,2024-06-21,2024-06-24,2024-06-25,20,True,True,True,True,18,16
xgboost,2024-06-24,2024-06-25,2024-06-26,20,True,True,True,True,19,19
xgboost,2024-06-25,2024-06-26,2024-06-27,20,True,True,True,True,19,19
xgboost,2024-06-26,2024-06-27,2024-06-28,20,True,True,True,True,17,16
xgboost,2024-06-27,2024-06-28,2024-07-01,20,True,True,True,True,20,20
xgboost,2024-06-28,2024-07-01,2024-07-02,20,True,True,True,True,19,19
xgboost,2024-07-01,2024-07-02,2024-07-03,20,True,True,False,False,18,18
xgboost,2024-07-02,2024-07-03,2024-07-05,20,True,False,True,False,0,0
xgboost,2024-07-03,2024-07-05,2024-07-08,20,True,True,True,True,20,20
xgboost,2024-07-05,2024-07-08,2024-07-09,20,True,True,True,True,19,18
xgboost,2024-07-08,2024-07-09,2024-07-10,20,True,True,True,True,18,18
xgboost,2024-07-09,2024-07-10,2024-07-11,20,True,True,True,True,18,17
xgboost,2024-07-10,2024-07-11,2024-07-12,20,True,True,True,True,17,17
xgboost,2024-07-11,2024-07-12,2024-07-15,20,True,True,True,True,19,19
xgboost,2024-07-12,2024-07-15,2024-07-16,20,True,True,True,True,19,19
xgboost,2024-07-15,2024-07-16,2024-07-17,20,True,True,True,True,17,17
xgboost,2024-07-16,2024-07-17,2024-07-18,20,True,True,True,True,18,17
xgboost,2024-07-17,2024-07-18,2024-07-19,20,True,True,True,True,20,20
xgboost,2024-07-18,2024-07-19,2024-07-22,20,True,True,True,True,20,20
xgboost,2024-07-19,2024-07-22,2024-07-23,20,True,True,True,True,20,20
xgboost,2024-07-22,2024-07-23,2024-07-24,20,True,True,True,True,19,19
xgboost,2024-07-23,2024-07-24,2024-07-25,20,True,True,True,True,19,18
xgboost,2024-07-24,2024-07-25,2024-07-26,20,True,True,True,True,19,19
xgboost,2024-07-25,2024-07-26,2024-07-29,20,True,True,True,True,18,18
xgboost,2024-07-26,2024-07-29,2024-07-30,20,True,True,True,True,20,20
xgboost,2024-07-29,2024-07-30,2024-07-31,20,True,True,True,True,20,20
xgboost,2024-07-30,2024-07-31,2024-08-01,20,True,True,True,True,20,20
xgboost,2024-07-31,2024-08-01,2024-08-02,20,True,True,True,True,20,20
xgboost,2024-08-01,2024-08-02,2024-08-05,20,True,True,True,True,18,17
xgboost,2024-08-02,2024-08-05,2024-08-06,20,True,True,True,True,20,20
xgboost,2024-08-05,2024-08-06,2024-08-07,20,True,True,True,True,20,20
xgboost,2024-08-06,2024-08-07,2024-08-08,20,True,True,True,True,20,20
xgboost,2024-08-07,2024-08-08,2024-08-09,20,True,True,True,True,20,20
xgboost,2024-08-08,2024-08-09,2024-08-12,20,True,True,True,True,20,20
xgboost,2024-08-09,2024-08-12,2024-08-13,20,True,True,True,True,20,20
xgboost,2024-08-12,2024-08-13,2024-08-14,20,True,True,True,True,19,19
xgboost,2024-08-13,2024-08-14,2024-08-15,20,True,True,True,True,19,19
xgboost,2024-08-14,2024-08-15,2024-08-16,20,True,True,True,True,16,16
xgboost,2024-08-15,2024-08-16,2024-08-19,20,True,True,True,True,19,19
xgboost,2024-08-16,2024-08-19,2024-08-20,20,True,True,True,True,19,19
xgboost,2024-08-19,2024-08-20,2024-08-21,20,True,True,True,True,17,17
xgboost,2024-08-20,2024-08-21,2024-08-22,20,True,True,True,True,20,20
xgboost,2024-08-21,2024-08-22,2024-08-23,20,True,True,True,True,16,15
xgboost,2024-08-22,2024-08-23,2024-08-26,20,True,True,True,True,19,19
xgboost,2024-08-23,2024-08-26,2024-08-27,20,True,True,True,True,18,18
xgboost,2024-08-26,2024-08-27,2024-08-28,20,True,True,True,True,19,19
xgboost,2024-08-27,2024-08-28,2024-08-29,20,True,True,True,True,20,20
xgboost,2024-08-28,2024-08-29,2024-08-30,20,True,True,True,True,20,20
xgboost,2024-08-29,2024-08-30,2024-09-03,20,True,True,True,True,17,17
xgboost,2024-08-30,2024-09-03,2024-09-04,20,True,True,True,True,19,19
xgboost,2024-09-03,2024-09-04,2024-09-05,20,True,True,True,True,20,20
xgboost,2024-09-04,2024-09-05,2024-09-06,20,True,True,True,True,18,18
xgboost,2024-09-05,2024-09-06,2024-09-09,20,True,True,True,True,20,20
xgboost,2024-09-06,2024-09-09,2024-09-10,20,True,True,True,True,18,18
xgboost,2024-09-09,2024-09-10,2024-09-11,20,True,True,True,True,20,20
xgboost,2024-09-10,2024-09-11,2024-09-12,20,True,True,True,True,20,20
xgboost,2024-09-11,2024-09-12,2024-09-13,20,True,True,True,True,20,20
xgboost,2024-09-12,2024-09-13,2024-09-16,20,True,True,True,True,19,19
xgboost,2024-09-13,2024-09-16,2024-09-17,20,True,True,True,True,18,17
xgboost,2024-09-16,2024-09-17,2024-09-18,20,True,True,True,True,19,19
xgboost,2024-09-17,2024-09-18,2024-09-19,20,True,True,True,True,18,17
xgboost,2024-09-18,2024-09-19,2024-09-20,20,True,True,True,True,18,18
xgboost,2024-09-19,2024-09-20,2024-09-23,20,True,True,True,True,18,18
xgboost,2024-09-20,2024-09-23,2024-09-24,20,True,True,True,True,20,20
xgboost,2024-09-23,2024-09-24,2024-09-25,20,True,True,True,True,18,18
xgboost,2024-09-24,2024-09-25,2024-09-26,20,True,True,True,True,18,18
xgboost,2024-09-25,2024-09-26,2024-09-27,20,True,True,True,True,20,20
xgboost,2024-09-26,2024-09-27,2024-09-30,20,True,True,True,True,19,19
xgboost,2024-09-27,2024-09-30,2024-10-01,20,True,True,True,True,17,17
xgboost,2024-09-30,2024-10-01,2024-10-02,20,True,True,True,True,20,20
xgboost,2024-10-01,2024-10-02,2024-10-03,20,True,True,True,True,18,18
xgboost,2024-10-02,2024-10-03,2024-10-04,20,True,True,True,True,17,17
xgboost,2024-10-03,2024-10-04,2024-10-07,20,True,True,True,True,19,19
xgboost,2024-10-04,2024-10-07,2024-10-08,20,True,True,True,True,16,16
xgboost,2024-10-07,2024-10-08,2024-10-09,20,True,True,True,True,20,20
xgboost,2024-10-08,2024-10-09,2024-10-10,20,True,True,True,True,18,18
xgboost,2024-10-09,2024-10-10,2024-10-11,20,True,True,True,True,19,19
xgboost,2024-10-10,2024-10-11,2024-10-14,20,True,True,True,True,20,20
xgboost,2024-10-11,2024-10-14,2024-10-15,20,True,True,True,True,0,0
xgboost,2024-10-15,2024-10-16,2024-10-17,20,True,True,True,True,20,20
xgboost,2024-10-16,2024-10-17,2024-10-18,20,True,True,True,True,19,19
xgboost,2024-10-17,2024-10-18,2024-10-21,20,True,True,True,True,19,19
xgboost,2024-10-18,2024-10-21,2024-10-22,20,True,True,True,True,19,19
xgboost,2024-10-21,2024-10-22,2024-10-23,20,True,True,True,True,20,20
xgboost,2024-10-22,2024-10-23,2024-10-24,20,True,True,True,True,20,20
xgboost,2024-10-23,2024-10-24,2024-10-25,20,True,True,True,True,19,19
xgboost,2024-10-24,2024-10-25,2024-10-28,20,True,True,True,True,20,20
xgboost,2024-10-25,2024-10-28,2024-10-29,20,True,True,True,True,20,20
xgboost,2024-10-28,2024-10-29,2024-10-30,20,True,True,True,True,19,19
xgboost,2024-10-29,2024-10-30,2024-10-31,20,True,True,True,True,20,20
xgboost,2024-10-30,2024-10-31,2024-11-01,20,True,True,True,True,20,20
xgboost,2024-10-31,2024-11-01,2024-11-04,20,True,True,True,True,19,19
xgboost,2024-11-01,2024-11-04,2024-11-05,20,True,True,True,True,19,19
xgboost,2024-11-04,2024-11-05,2024-11-06,20,True,True,True,True,20,20
xgboost,2024-11-05,2024-11-06,2024-11-07,20,True,True,True,True,19,19
xgboost,2024-11-06,2024-11-07,2024-11-08,20,True,True,True,True,20,20
xgboost,2024-11-07,2024-11-08,2024-11-11,20,True,True,True,True,20,20
xgboost,2024-11-08,2024-11-11,2024-11-12,20,True,True,True,True,0,0
xgboost,2024-11-12,2024-11-13,2024-11-14,20,True,True,True,True,17,16
xgboost,2024-11-13,2024-11-14,2024-11-15,20,True,True,True,True,19,19
xgboost,2024-11-14,2024-11-15,2024-11-18,20,True,True,True,True,20,20
xgboost,2024-11-15,2024-11-18,2024-11-19,20,True,True,True,True,18,18
xgboost,2024-11-18,2024-11-19,2024-11-20,20,True,True,True,True,19,19
xgboost,2024-11-19,2024-11-20,2024-11-21,20,True,True,True,True,16,15
xgboost,2024-11-20,2024-11-21,2024-11-22,20,True,True,True,True,19,19
xgboost,2024-11-21,2024-11-22,2024-11-25,20,True,True,True,True,17,17
xgboost,2024-11-22,2024-11-25,2024-11-26,20,True,True,True,True,20,20
xgboost,2024-11-25,2024-11-26,2024-11-27,20,True,True,True,True,19,19
xgboost,2024-11-26,2024-11-27,2024-11-29,20,True,True,False,False,19,19
xgboost,2024-11-27,2024-11-29,2024-12-02,20,True,False,True,False,0,0
xgboost,2024-11-29,2024-12-02,2024-12-03,20,True,True,True,True,19,19
xgboost,2024-12-02,2024-12-03,2024-12-04,20,True,True,True,True,17,17
xgboost,2024-12-03,2024-12-04,2024-12-05,20,True,True,True,True,19,19
xgboost,2024-12-04,2024-12-05,2024-12-06,20,True,True,True,True,18,18
xgboost,2024-12-05,2024-12-06,2024-12-09,20,True,True,True,True,18,16
xgboost,2024-12-06,2024-12-09,2024-12-10,20,True,True,True,True,19,18
xgboost,2024-12-09,2024-12-10,2024-12-11,20,True,True,True,True,18,18
xgboost,2024-12-10,2024-12-11,2024-12-12,20,True,True,True,True,20,20
xgboost,2024-12-11,2024-12-12,2024-12-13,20,True,True,True,True,18,17
xgboost,2024-12-12,2024-12-13,2024-12-16,20,True,True,True,True,20,20
xgboost,2024-12-13,2024-12-16,2024-12-17,20,True,True,True,True,20,20
xgboost,2024-12-16,2024-12-17,2024-12-18,20,True,True,True,True,18,18
xgboost,2024-12-17,2024-12-18,2024-12-19,20,True,True,True,True,20,20
xgboost,2024-12-18,2024-12-19,2024-12-20,20,True,True,True,True,20,20
xgboost,2024-12-19,2024-12-20,2024-12-23,20,True,True,True,True,20,20
xgboost,2024-12-20,2024-12-23,2024-12-24,20,True,True,False,False,19,19
xgboost,2024-12-23,2024-12-24,2024-12-26,20,True,False,True,False,0,0
xgboost,2024-12-24,2024-12-26,2024-12-27,20,True,True,True,True,18,18
xgboost,2024-12-26,2024-12-27,2024-12-30,20,True,True,True,True,19,19
xgboost,2024-12-27,2024-12-30,2024-12-31,20,True,True,True,True,20,20
xgboost,2024-12-30,2024-12-31,2025-01-02,20,True,True,True,True,18,17
xgboost,2024-12-31,2025-01-02,2025-01-03,20,True,True,True,True,0,0
