model,before_state,after_state,greek,n_common_days,before_mean_abs,after_mean_abs,mean_abs_reduction_pct,before_p95_abs,after_p95_abs,p95_abs_reduction_pct
arima,ORIGINAL,DELTA_NEUTRAL,Delta,408,0.06933445746157636,0.0,100.0,0.18642507358927482,0.0,100.0
arima,ORIGINAL,VEGA_BALANCED,Vega,408,191.57285499963302,3.7446081094293395e-14,99.99999999999997,431.44259238766404,9.947598300641403e-14,99.99999999999997
arima,VEGA_BALANCED,VEGA_BALANCED_DELTA_NEUTRAL,Delta,408,0.050146424212142195,0.0,100.0,0.13827010472269707,0.0,100.0
arima,VEGA_BALANCED,VEGA_BALANCED_DELTA_NEUTRAL,Vega,408,3.7446081094293395e-14,3.7446081094293395e-14,,9.947598300641403e-14,9.947598300641403e-14,
arima,ORIGINAL,VEGA_BALANCED,Gamma,408,8.046972057207986e-05,8.123540855850813e-05,-0.9515231083006004,0.00018836856983149819,0.0001780186971359353,5.494479628327165
arima,ORIGINAL,VEGA_BALANCED,Theta,408,29.2670689708402,23.27369102742267,20.47823083817836,68.22101688435033,56.369295141367196,17.37253750273823
arima,VEGA_BALANCED,VEGA_BALANCED_DELTA_NEUTRAL,Gamma,408,8.123540855850813e-05,8.123540855850813e-05,0.0,0.0001780186971359353,0.0001780186971359353,0.0
arima,VEGA_BALANCED,VEGA_BALANCED_DELTA_NEUTRAL,Theta,408,23.27369102742267,23.27369102742267,0.0,56.369295141367196,56.369295141367196,0.0
ridge,ORIGINAL,DELTA_NEUTRAL,Delta,408,0.08465414241287264,0.0,100.0,0.19586167764928877,0.0,100.0
ridge,ORIGINAL,VEGA_BALANCED,Vega,408,185.68044203480568,4.008667036658813e-14,99.99999999999997,426.580309648982,1.1368683772161603e-13,99.99999999999997
ridge,VEGA_BALANCED,VEGA_BALANCED_DELTA_NEUTRAL,Delta,408,0.06670750571489309,0.0,100.0,0.15919877259595072,0.0,100.0
ridge,VEGA_BALANCED,VEGA_BALANCED_DELTA_NEUTRAL,Vega,408,4.008667036658813e-14,4.008667036658813e-14,,1.1368683772161603e-13,1.1368683772161603e-13,
ridge,ORIGINAL,VEGA_BALANCED,Gamma,408,7.437880854750118e-05,5.04495240245866e-05,32.172180477497726,0.00019437466192320175,0.00013382545763267482,31.150770214304046
ridge,ORIGINAL,VEGA_BALANCED,Theta,408,29.928705021565488,21.38006997326656,28.563330896338833,75.33525593142359,68.18716779382771,9.488370417301905
ridge,VEGA_BALANCED,VEGA_BALANCED_DELTA_NEUTRAL,Gamma,408,5.04495240245866e-05,5.04495240245866e-05,0.0,0.00013382545763267482,0.00013382545763267482,0.0
ridge,VEGA_BALANCED,VEGA_BALANCED_DELTA_NEUTRAL,Theta,408,21.38006997326656,21.38006997326656,0.0,68.18716779382771,68.18716779382771,0.0
xgboost,ORIGINAL,DELTA_NEUTRAL,Delta,408,0.08660094745358513,0.0,100.0,0.19331474828610196,0.0,100.0
xgboost,ORIGINAL,VEGA_BALANCED,Vega,408,147.80808974754697,5.1270534658768014e-14,99.99999999999997,348.8639669844093,1.2789769243681803e-13,99.99999999999997
xgboost,VEGA_BALANCED,VEGA_BALANCED_DELTA_NEUTRAL,Delta,408,0.07047644609581316,0.0,100.0,0.17114226986645603,0.0,100.0
xgboost,VEGA_BALANCED,VEGA_BALANCED_DELTA_NEUTRAL,Vega,408,5.1270534658768014e-14,5.1270534658768014e-14,,1.2789769243681803e-13,1.2789769243681803e-13,
xgboost,ORIGINAL,VEGA_BALANCED,Gamma,408,7.438694616203189e-05,4.435569257569468e-05,40.37167155769807,0.0001628572655633213,0.00011317221257922491,30.50834288064238
xgboost,ORIGINAL,VEGA_BALANCED,Theta,408,20.419672598863077,15.272596882819242,25.206455642831482,49.06234373304182,40.160253363801175,18.14444580486967
xgboost,VEGA_BALANCED,VEGA_BALANCED_DELTA_NEUTRAL,Gamma,408,4.435569257569468e-05,4.435569257569468e-05,0.0,0.00011317221257922491,0.00011317221257922491,0.0
xgboost,VEGA_BALANCED,VEGA_BALANCED_DELTA_NEUTRAL,Theta,408,15.272596882819242,15.272596882819242,0.0,40.160253363801175,40.160253363801175,0.0
