underlying_symbol,date,min,max,count,dispersion,valid
^SPX,2023-04-24,4134.395,4134.395,55,0.0,True
^SPX,2023-04-25,4075.245,4075.245,111,0.0,True
^SPX,2023-04-26,4050.72,4050.7200000000003,113,4.547473508864641e-13,True
^SPX,2023-04-27,4134.17,4134.17,111,0.0,True
^SPX,2023-04-28,4163.365,4163.365,110,0.0,True
^SPX,2023-05-01,4167.3150000000005,4167.3150000000005,114,0.0,True
^SPX,2023-05-02,4120.89,4120.89,116,0.0,True
^SPX,2023-05-03,4095.2,4095.2,117,0.0,True
^SPX,2023-05-04,4062.69,4062.69,117,0.0,True
^SPX,2023-05-05,4139.495,4139.495,110,0.0,True
^SPX,2023-05-08,4139.93,4139.93,107,0.0,True
^SPX,2023-05-09,4122.395,4122.395,107,0.0,True
^SPX,2023-05-10,4144.025,4144.025,107,0.0,True
^SPX,2023-05-11,4127.1,4127.1,106,0.0,True
^SPX,2023-05-12,4117.790000000001,4117.790000000001,109,0.0,True
^SPX,2023-05-15,4132.83,4132.83,112,0.0,True
^SPX,2023-05-16,4121.37,4121.37,110,0.0,True
^SPX,2023-05-17,4155.95,4155.95,109,0.0,True
^SPX,2023-05-18,4193.6900000000005,4193.6900000000005,113,0.0,True
^SPX,2023-05-19,4192.465,4192.465,116,0.0,True
^SPX,2023-05-22,4192.895,4192.895,106,0.0,True
^SPX,2023-05-23,4154.07,4154.07,103,0.0,True
^SPX,2023-05-24,4119.96,4119.96,109,0.0,True
^SPX,2023-05-25,4160.344999999999,4160.344999999999,114,0.0,True
^SPX,2023-05-26,4208.8,4208.8,113,0.0,True
^SPX,2023-05-30,4207.01,4207.01,109,0.0,True
^SPX,2023-05-31,4192.5,4192.5,110,0.0,True
^SPX,2023-06-01,4215.67,4215.67,113,0.0,True
^SPX,2023-06-02,4283.959999999999,4283.959999999999,114,0.0,True
^SPX,2023-06-05,4277.5,4277.5,114,0.0,True
^SPX,2023-06-06,4283.27,4283.27,115,0.0,True
^SPX,2023-06-07,4268.014999999999,4268.014999999999,110,0.0,True
^SPX,2023-06-08,4295.345,4295.345,109,0.0,True
^SPX,2023-06-09,4301.754999999999,4301.754999999999,115,0.0,True
^SPX,2023-06-12,4336.6849999999995,4336.685,112,9.094947017729282e-13,True
^SPX,2023-06-13,4364.605,4364.605,107,0.0,True
^SPX,2023-06-14,4365.155,4365.155,106,0.0,True
^SPX,2023-06-15,4428.505,4428.505,113,0.0,True
^SPX,2023-06-16,4416.16,4416.16,119,0.0,True
^SPX,2023-06-20,4392.925,4392.925,113,0.0,True
^SPX,2023-06-21,4369.495000000001,4369.495000000001,111,0.0,True
^SPX,2023-06-22,4376.969999999999,4376.969999999999,111,0.0,True
^SPX,2023-06-23,4353.200000000001,4353.200000000001,111,0.0,True
^SPX,2023-06-26,4338.255,4338.255,113,0.0,True
^SPX,2023-06-27,4381.805,4381.805,110,0.0,True
^SPX,2023-06-28,4369.885,4369.885,109,0.0,True
^SPX,2023-06-29,4388.045,4388.045,109,0.0,True
^SPX,2023-06-30,4454.71,4454.71,54,0.0,True
^SPX,2023-07-05,4449.56,4449.56,55,0.0,True
^SPX,2023-07-06,4411.1849999999995,4411.185,109,9.094947017729282e-13,True
^SPX,2023-07-07,4409.29,4409.29,110,0.0,True
^SPX,2023-07-10,4402.3150000000005,4402.3150000000005,107,0.0,True
^SPX,2023-07-11,4433.205,4433.205,105,0.0,True
^SPX,2023-07-12,4475.3150000000005,4475.3150000000005,108,0.0,True
^SPX,2023-07-13,4517.27,4517.27,108,0.0,True
^SPX,2023-07-14,4502.795,4502.795,113,0.0,True
^SPX,2023-07-17,4526.879999999999,4526.879999999999,116,0.0,True
^SPX,2023-07-18,4558.32,4558.32,110,0.0,True
^SPX,2023-07-19,4568.75,4568.75,108,0.0,True
^SPX,2023-07-20,4533.91,4533.91,112,0.0,True
^SPX,2023-07-21,4537.49,4537.49,102,0.0,True
^SPX,2023-07-24,4552.755,4552.755,91,0.0,True
^SPX,2023-07-25,4571.41,4571.41,96,0.0,True
^SPX,2023-07-26,4566.57,4566.57,100,0.0,True
^SPX,2023-07-27,4533.335,4533.335,110,0.0,True
^SPX,2023-07-28,4578.62,4578.62,116,0.0,True
^SPX,2023-07-31,4577.33,4577.33,110,0.0,True
^SPX,2023-08-01,4575.665,4575.665,110,0.0,True
^SPX,2023-08-02,4513.475,4513.475,111,0.0,True
^SPX,2023-08-03,4503.9,4503.9,112,0.0,True
^SPX,2023-08-04,4475.67,4475.67,113,0.0,True
^SPX,2023-08-07,4511.68,4511.68,113,0.0,True
^SPX,2023-08-08,4499.93,4499.93,111,0.0,True
^SPX,2023-08-09,4481.595,4481.595,103,0.0,True
^SPX,2023-08-10,4462.76,4462.76,105,0.0,True
^SPX,2023-08-11,4466.605,4466.605,112,0.0,True
^SPX,2023-08-14,4484.355,4484.355,111,0.0,True
^SPX,2023-08-15,4432.620000000001,4432.620000000001,109,0.0,True
^SPX,2023-08-16,4411.42,4411.42,114,0.0,True
^SPX,2023-08-17,4368.764999999999,4368.764999999999,114,0.0,True
^SPX,2023-08-18,4373.719999999999,4373.719999999999,106,0.0,True
^SPX,2023-08-21,4405.73,4405.73,109,0.0,True
^SPX,2023-08-22,4383.38,4383.38,114,0.0,True
^SPX,2023-08-23,4439.595,4439.595,111,0.0,True
^SPX,2023-08-24,4385.46,4385.46,111,0.0,True
^SPX,2023-08-25,4413.905,4413.905,111,0.0,True
^SPX,2023-08-28,4429.445,4429.445,108,0.0,True
^SPX,2023-08-29,4499.465,4499.465,112,0.0,True
^SPX,2023-08-30,4513.87,4513.87,117,0.0,True
^SPX,2023-08-31,4519.465,4519.465,118,0.0,True
^SPX,2023-09-01,4513.924999999999,4513.924999999999,114,0.0,True
^SPX,2023-09-05,4507.23,4507.23,111,0.0,True
^SPX,2023-09-06,4464.415,4464.415,112,0.0,True
^SPX,2023-09-07,4454.83,4454.83,111,0.0,True
^SPX,2023-09-08,4452.889999999999,4452.889999999999,115,0.0,True
^SPX,2023-09-11,4487.860000000001,4487.860000000001,118,0.0,True
^SPX,2023-09-12,4462.245000000001,4462.245000000001,115,0.0,True
^SPX,2023-09-13,4465.5,4465.5,111,0.0,True
^SPX,2023-09-14,4506.52,4506.52,108,0.0,True
^SPX,2023-09-15,4448.639999999999,4448.639999999999,111,0.0,True
^SPX,2023-09-18,4449.625,4449.625,108,0.0,True
^SPX,2023-09-19,4445.84,4445.84,107,0.0,True
^SPX,2023-09-20,4408.67,4408.67,113,0.0,True
^SPX,2023-09-21,4338.85,4338.85,110,0.0,True
^SPX,2023-09-22,4326.285,4326.285,110,0.0,True
^SPX,2023-09-25,4327.965,4327.965,109,0.0,True
^SPX,2023-09-26,4274.49,4274.49,110,0.0,True
^SPX,2023-09-27,4267.35,4267.35,118,0.0,True
^SPX,2023-09-28,4299.0599999999995,4299.06,118,9.094947017729282e-13,True
^SPX,2023-09-29,4285.61,4285.61,115,0.0,True
^SPX,2023-10-02,4276.965,4276.965,112,0.0,True
^SPX,2023-10-03,4225.905,4225.905,113,0.0,True
^SPX,2023-10-04,4264.695,4264.695,117,0.0,True
^SPX,2023-10-05,4259.48,4259.48,118,0.0,True
^SPX,2023-10-06,4318.08,4318.08,117,0.0,True
^SPX,2023-10-09,4330.41,4330.41,58,0.0,True
^SPX,2023-10-11,4373.5650000000005,4373.5650000000005,60,0.0,True
^SPX,2023-10-12,4350.3150000000005,4350.3150000000005,118,0.0,True
^SPX,2023-10-13,4317.3150000000005,4317.3150000000005,113,0.0,True
^SPX,2023-10-16,4376.745000000001,4376.745000000001,109,0.0,True
^SPX,2023-10-17,4362.825,4362.825,111,0.0,True
^SPX,2023-10-18,4312.58,4312.58,108,0.0,True
^SPX,2023-10-19,4271.85,4271.85,108,0.0,True
^SPX,2023-10-20,4227.57,4227.57,115,0.0,True
^SPX,2023-10-23,4221.375,4221.375,118,0.0,True
^SPX,2023-10-24,4252.775,4252.775,118,0.0,True
^SPX,2023-10-25,4187.625,4187.625,114,0.0,True
^SPX,2023-10-26,4137.25,4137.25,114,0.0,True
^SPX,2023-10-27,4105.085,4105.085,112,0.0,True
^SPX,2023-10-30,4171.79,4171.79,109,0.0,True
^SPX,2023-10-31,4190.610000000001,4190.610000000001,112,0.0,True
^SPX,2023-11-01,4240.555,4240.555,57,0.0,True
^SPX,2023-11-03,4364.055,4364.055,59,0.0,True
^SPX,2023-11-06,4359.235000000001,4359.235000000001,118,0.0,True
^SPX,2023-11-07,4385.335,4385.335,117,0.0,True
^SPX,2023-11-08,4386.49,4386.49,117,0.0,True
^SPX,2023-11-09,4344.4349999999995,4344.435,119,9.094947017729282e-13,True
^SPX,2023-11-10,4414.635,4414.635,118,0.0,True
^SPX,2023-11-13,4413.530000000001,4413.530000000001,112,0.0,True
^SPX,2023-11-14,4503.8150000000005,4503.8150000000005,110,0.0,True
^SPX,2023-11-15,4507.355,4507.355,108,0.0,True
^SPX,2023-11-16,4505.95,4505.95,105,0.0,True
^SPX,2023-11-17,4509.15,4509.15,111,0.0,True
^SPX,2023-11-20,4555.075,4555.075,118,0.0,True
^SPX,2023-11-21,4536.879999999999,4536.879999999999,115,0.0,True
^SPX,2023-11-22,4557.615,4557.615,55,0.0,True
^SPX,2023-11-27,4556.51,4556.51,46,0.0,True
^SPX,2023-11-28,4550.98,4550.98,97,0.0,True
^SPX,2023-11-29,4550.6,4550.6,106,0.0,True
^SPX,2023-11-30,4557.025,4557.025,111,0.0,True
^SPX,2023-12-01,4591.915,4591.915,110,0.0,True
^SPX,2023-12-04,4567.79,4567.79,107,0.0,True
^SPX,2023-12-05,4565.195,4565.195,105,0.0,True
^SPX,2023-12-06,4553.235000000001,4553.235000000001,109,0.0,True
^SPX,2023-12-07,4583.71,4583.71,113,0.0,True
^SPX,2023-12-08,4607.395,4607.395,108,0.0,True
^SPX,2023-12-11,4619.135,4619.135,112,0.0,True
^SPX,2023-12-12,4640.139999999999,4640.139999999999,117,0.0,True
^SPX,2023-12-13,4700.195,4700.195,113,0.0,True
^SPX,2023-12-14,4713.47,4713.47,110,0.0,True
^SPX,2023-12-15,4710.885,4710.885,110,0.0,True
^SPX,2023-12-18,4743.879999999999,4743.879999999999,111,0.0,True
^SPX,2023-12-19,4763.2,4763.2,110,0.0,True
^SPX,2023-12-20,4716.21,4716.21,111,0.0,True
^SPX,2023-12-21,4739.965,4739.965,113,0.0,True
^SPX,2023-12-22,4752.725,4752.725,115,0.0,True
^SPX,2023-12-26,4779.14,4779.14,108,0.0,True
^SPX,2023-12-27,4773.27,4773.27,107,0.0,True
^SPX,2023-12-28,4791.375,4791.375,114,0.0,True
^SPX,2023-12-29,4771.785,4771.785,115,0.0,True
^SPX,2024-01-02,4727.745,4727.745,115,0.0,True
^SPX,2024-01-03,4708.09,4708.09,114,0.0,True
^SPX,2024-01-04,4700.77,4700.77,117,0.0,True
^SPX,2024-01-05,4691.665000000001,4691.665000000001,116,0.0,True
^SPX,2024-01-08,4758.775,4758.775,101,0.0,True
^SPX,2024-01-09,4751.14,4751.14,98,0.0,True
^SPX,2024-01-10,4776.055,4776.055,108,0.0,True
^SPX,2024-01-11,4775.54,4775.54,113,0.0,True
^SPX,2024-01-12,4781.165,4781.165,116,0.0,True
^SPX,2024-01-16,4757.78,4757.78,116,0.0,True
^SPX,2024-01-17,4732.085,4732.085,108,0.0,True
^SPX,2024-01-18,4779.225,4779.225,106,0.0,True
^SPX,2024-01-19,4834.91,4834.91,112,0.0,True
^SPX,2024-01-22,4853.12,4853.12,115,0.0,True
^SPX,2024-01-23,4861.424999999999,4861.424999999999,112,0.0,True
^SPX,2024-01-24,4878.335,4878.335,113,0.0,True
^SPX,2024-01-25,4885.24,4885.24,115,0.0,True
^SPX,2024-01-26,4888.715,4888.715,112,0.0,True
^SPX,2024-01-29,4922.945,4922.945,107,0.0,True
^SPX,2024-01-30,4925.639999999999,4925.639999999999,108,0.0,True
^SPX,2024-01-31,4850.5,4850.5,116,0.0,True
^SPX,2024-02-01,4902.66,4902.66,112,0.0,True
^SPX,2024-02-02,4965.255,4965.255,110,0.0,True
^SPX,2024-02-05,4945.675,4945.675,113,0.0,True
^SPX,2024-02-06,4943.799999999999,4943.799999999999,104,0.0,True
^SPX,2024-02-07,4995.299999999999,4995.299999999999,106,0.0,True
^SPX,2024-02-08,4997.105,4997.105,117,0.0,True
^SPX,2024-02-09,5021.91,5021.91,116,0.0,True
^SPX,2024-02-12,5023.9,5023.9,115,0.0,True
^SPX,2024-02-13,4939.219999999999,4939.219999999999,115,0.0,True
^SPX,2024-02-14,4993.52,4993.52,116,0.0,True
^SPX,2024-02-15,5024.73,5024.73,114,0.0,True
^SPX,2024-02-16,5006.505,5006.505,113,0.0,True
^SPX,2024-02-20,4968.545,4968.545,111,0.0,True
^SPX,2024-02-21,4970.795,4970.795,112,0.0,True
^SPX,2024-02-22,5087.780000000001,5087.780000000001,115,0.0,True
^SPX,2024-02-23,5091.1,5091.1,115,0.0,True
^SPX,2024-02-26,5073.97,5073.97,116,0.0,True
^SPX,2024-02-27,5076.645,5076.645,115,0.0,True
^SPX,2024-02-28,5067.165,5067.165,115,0.0,True
^SPX,2024-02-29,5092.395,5092.395,112,0.0,True
^SPX,2024-03-01,5136.3,5136.3,112,0.0,True
^SPX,2024-03-04,5136.455,5136.455,114,0.0,True
^SPX,2024-03-05,5064.16,5064.16,115,0.0,True
^SPX,2024-03-06,5103.165,5103.165,117,0.0,True
^SPX,2024-03-07,5160.33,5160.33,117,0.0,True
^SPX,2024-03-08,5127.49,5127.49,116,0.0,True
^SPX,2024-03-11,5119.77,5119.77,115,0.0,True
^SPX,2024-03-12,5173.620000000001,5173.620000000001,116,0.0,True
^SPX,2024-03-13,5165.785,5165.785,112,0.0,True
^SPX,2024-03-14,5136.3099999999995,5136.31,113,9.094947017729282e-13,True
^SPX,2024-03-15,5116.02,5116.02,116,0.0,True
^SPX,2024-03-18,5158.4,5158.4,116,0.0,True
^SPX,2024-03-19,5170.85,5170.85,116,0.0,True
^SPX,2024-03-20,5216.655,5216.655,113,0.0,True
^SPX,2024-03-21,5248.985000000001,5248.985000000001,109,0.0,True
^SPX,2024-03-22,5239.655,5239.655,106,0.0,True
^SPX,2024-03-25,5224.995,5224.995,111,0.0,True
^SPX,2024-03-26,5211.65,5211.65,114,0.0,True
^SPX,2024-03-27,5243.49,5243.49,111,0.0,True
^SPX,2024-03-28,5259.765,5259.765,108,0.0,True
^SPX,2024-04-01,5240.58,5240.58,113,0.0,True
^SPX,2024-04-02,5205.795,5205.795,119,0.0,True
^SPX,2024-04-03,5212.365,5212.365,118,0.0,True
^SPX,2024-04-04,5151.275,5151.275,119,0.0,True
^SPX,2024-04-05,5200.465,5200.465,115,0.0,True
^SPX,2024-04-08,5204.39,5204.39,111,0.0,True
^SPX,2024-04-09,5197.365,5197.365,110,0.0,True
^SPX,2024-04-10,5162.455,5162.455,110,0.0,True
^SPX,2024-04-11,5209.18,5209.18,112,0.0,True
^SPX,2024-04-12,5121.21,5121.21,114,0.0,True
^SPX,2024-04-15,5059.98,5059.98,118,0.0,True
^SPX,2024-04-16,5060.785,5060.785,119,0.0,True
^SPX,2024-04-17,5029.0599999999995,5029.06,118,9.094947017729282e-13,True
^SPX,2024-04-18,5017.68,5017.68,117,0.0,True
^SPX,2024-04-19,4959.17,4959.17,113,0.0,True
^SPX,2024-04-22,5013.355,5013.355,113,0.0,True
^SPX,2024-04-23,5072.045,5072.045,113,0.0,True
^SPX,2024-04-24,5072.799999999999,5072.799999999999,115,0.0,True
^SPX,2024-04-25,5045.8150000000005,5045.8150000000005,119,0.0,True
^SPX,2024-04-26,5101.46,5101.46,113,0.0,True
^SPX,2024-04-29,5105.04,5105.04,107,0.0,True
^SPX,2024-04-30,5060.475,5060.475,110,0.0,True
^SPX,2024-05-01,5047.045,5047.045,110,0.0,True
^SPX,2024-05-02,5056.965,5056.965,102,0.0,True
^SPX,2024-05-03,5129.95,5129.95,107,0.0,True
^SPX,2024-05-06,5169.844999999999,5169.844999999999,117,0.0,True
^SPX,2024-05-07,5184.615,5184.615,116,0.0,True
^SPX,2024-05-08,5189.02,5189.02,110,0.0,True
^SPX,2024-05-09,5210.83,5210.83,109,0.0,True
^SPX,2024-05-10,5222.0,5222.0,111,0.0,True
^SPX,2024-05-13,5222.85,5222.85,107,0.0,True
^SPX,2024-05-14,5248.83,5248.83,107,0.0,True
^SPX,2024-05-15,5305.135,5305.135,112,0.0,True
^SPX,2024-05-16,5300.805,5300.805,113,0.0,True
^SPX,2024-05-17,5300.780000000001,5300.780000000001,109,0.0,True
^SPX,2024-05-20,5309.485,5309.485,111,0.0,True
^SPX,2024-05-21,5319.35,5319.35,108,0.0,True
^SPX,2024-05-22,5296.205,5296.205,105,0.0,True
^SPX,2024-05-23,5267.525,5267.525,101,0.0,True
^SPX,2024-05-24,5299.15,5299.15,91,0.0,True
^SPX,2024-05-28,5295.02,5295.02,100,0.0,True
^SPX,2024-05-29,5275.965,5275.965,111,0.0,True
^SPX,2024-05-30,5233.9349999999995,5233.935,109,9.094947017729282e-13,True
^SPX,2024-05-31,5245.835,5245.835,109,0.0,True
^SPX,2024-06-03,5267.1900000000005,5267.1900000000005,106,0.0,True
^SPX,2024-06-04,5289.525,5289.525,100,0.0,True
^SPX,2024-06-05,5345.795,5345.795,106,0.0,True
^SPX,2024-06-06,5348.74,5348.74,111,0.0,True
^SPX,2024-06-07,5351.745000000001,5351.745000000001,111,0.0,True
^SPX,2024-06-10,5357.75,5357.75,114,0.0,True
^SPX,2024-06-11,5367.85,5367.85,114,0.0,True
^SPX,2024-06-12,5414.01,5414.01,116,0.0,True
^SPX,2024-06-13,5433.415,5433.415,119,0.0,True
^SPX,2024-06-14,5424.535,5424.535,118,0.0,True
^SPX,2024-06-17,5482.92,5482.92,119,0.0,True
^SPX,2024-06-18,5483.6900000000005,5483.6900000000005,115,0.0,True
^SPX,2024-06-20,5475.87,5475.87,110,0.0,True
^SPX,2024-06-21,5467.135,5467.135,112,0.0,True
^SPX,2024-06-24,5461.65,5461.65,112,0.0,True
^SPX,2024-06-25,5466.889999999999,5466.889999999999,111,0.0,True
^SPX,2024-06-26,5470.705,5470.705,113,0.0,True
^SPX,2024-06-27,5478.085,5478.085,112,0.0,True
^SPX,2024-06-28,5470.219999999999,5470.219999999999,111,0.0,True
^SPX,2024-07-01,5468.110000000001,5468.110000000001,113,0.0,True
^SPX,2024-07-02,5501.889999999999,5501.889999999999,57,0.0,True
^SPX,2024-07-05,5567.78,5567.78,59,0.0,True
^SPX,2024-07-08,5568.735000000001,5568.735000000001,113,0.0,True
^SPX,2024-07-09,5577.875,5577.875,109,0.0,True
^SPX,2024-07-10,5621.575000000001,5621.575000000001,111,0.0,True
^SPX,2024-07-11,5585.715,5585.715,110,0.0,True
^SPX,2024-07-12,5623.855,5623.855,112,0.0,True
^SPX,2024-07-15,5626.6900000000005,5626.6900000000005,115,0.0,True
^SPX,2024-07-16,5661.844999999999,5661.844999999999,113,0.0,True
^SPX,2024-07-17,5590.66,5590.66,109,0.0,True
^SPX,2024-07-18,5543.05,5543.05,112,0.0,True
^SPX,2024-07-19,5502.0650000000005,5502.0650000000005,118,0.0,True
^SPX,2024-07-22,5566.98,5566.98,115,0.0,True
^SPX,2024-07-23,5559.6900000000005,5559.6900000000005,114,0.0,True
^SPX,2024-07-24,5438.11,5438.11,107,0.0,True
^SPX,2024-07-25,5428.385,5428.385,106,0.0,True
^SPX,2024-07-26,5460.6900000000005,5460.6900000000005,112,0.0,True
^SPX,2024-07-29,5475.745,5475.745,114,0.0,True
^SPX,2024-07-30,5436.605,5436.605,118,0.0,True
^SPX,2024-07-31,5537.285,5537.285,115,0.0,True
^SPX,2024-08-01,5430.04,5430.04,116,0.0,True
^SPX,2024-08-02,5333.885,5333.885,116,0.0,True
^SPX,2024-08-05,5168.23,5168.23,116,0.0,True
^SPX,2024-08-06,5272.29,5272.29,118,0.0,True
^SPX,2024-08-07,5219.675,5219.675,118,0.0,True
^SPX,2024-08-08,5320.285,5320.285,117,0.0,True
^SPX,2024-08-09,5341.835,5341.835,114,0.0,True
^SPX,2024-08-12,5335.505,5335.505,114,0.0,True
^SPX,2024-08-13,5427.375,5427.375,113,0.0,True
^SPX,2024-08-14,5448.360000000001,5448.360000000001,114,0.0,True
^SPX,2024-08-15,5543.355,5543.355,110,0.0,True
^SPX,2024-08-16,5552.66,5552.66,106,0.0,True
^SPX,2024-08-19,5594.4,5594.4,113,0.0,True
^SPX,2024-08-20,5596.4349999999995,5596.435,114,9.094947017729282e-13,True
^SPX,2024-08-21,5610.5599999999995,5610.56,113,9.094947017729282e-13,True
^SPX,2024-08-22,5566.615,5566.615,109,0.0,True
^SPX,2024-08-23,5623.795,5623.795,107,0.0,True
^SPX,2024-08-26,5612.860000000001,5612.860000000001,113,0.0,True
^SPX,2024-08-27,5625.27,5625.27,112,0.0,True
^SPX,2024-08-28,5595.695,5595.695,115,0.0,True
^SPX,2024-08-29,5595.895,5595.895,119,0.0,True
^SPX,2024-08-30,5625.844999999999,5625.844999999999,116,0.0,True
^SPX,2024-09-03,5518.1,5518.1,110,0.0,True
^SPX,2024-09-04,5519.924999999999,5519.924999999999,112,0.0,True
^SPX,2024-09-05,5494.1900000000005,5494.1900000000005,116,0.0,True
^SPX,2024-09-06,5411.18,5411.18,116,0.0,True
^SPX,2024-09-09,5466.07,5466.07,117,0.0,True
^SPX,2024-09-10,5491.195,5491.195,118,0.0,True
^SPX,2024-09-11,5534.825,5534.825,119,0.0,True
^SPX,2024-09-12,5597.635,5597.635,116,0.0,True
^SPX,2024-09-13,5624.8,5624.8,115,0.0,True
^SPX,2024-09-16,5631.945,5631.945,109,0.0,True
^SPX,2024-09-17,5624.15,5624.15,107,0.0,True
^SPX,2024-09-18,5624.195,5624.195,109,0.0,True
^SPX,2024-09-19,5715.96,5715.96,109,0.0,True
^SPX,2024-09-20,5714.085,5714.085,111,0.0,True
^SPX,2024-09-23,5715.125,5715.125,114,0.0,True
^SPX,2024-09-24,5728.23,5728.23,113,0.0,True
^SPX,2024-09-25,5717.79,5717.79,111,0.0,True
^SPX,2024-09-26,5742.49,5742.49,117,0.0,True
^SPX,2024-09-27,5738.43,5738.43,116,0.0,True
^SPX,2024-09-30,5740.71,5740.71,111,0.0,True
^SPX,2024-10-01,5714.325,5714.325,113,0.0,True
^SPX,2024-10-02,5712.91,5712.91,112,0.0,True
^SPX,2024-10-03,5686.785,5686.785,110,0.0,True
^SPX,2024-10-04,5747.530000000001,5747.530000000001,110,0.0,True
^SPX,2024-10-07,5692.21,5692.21,100,0.0,True
^SPX,2024-10-08,5754.005,5754.005,99,0.0,True
^SPX,2024-10-09,5788.68,5788.68,108,0.0,True
^SPX,2024-10-10,5775.185,5775.185,112,0.0,True
^SPX,2024-10-11,5818.41,5818.41,115,0.0,True
^SPX,2024-10-14,5866.95,5866.95,58,0.0,True
^SPX,2024-10-16,5843.015,5843.015,55,0.0,True
^SPX,2024-10-17,5845.16,5845.16,113,0.0,True
^SPX,2024-10-18,5860.805,5860.805,116,0.0,True
^SPX,2024-10-21,5843.725,5843.725,115,0.0,True
^SPX,2024-10-22,5856.225,5856.225,113,0.0,True
^SPX,2024-10-23,5797.645,5797.645,110,0.0,True
^SPX,2024-10-24,5811.79,5811.79,111,0.0,True
^SPX,2024-10-25,5811.58,5811.58,114,0.0,True
^SPX,2024-10-28,5831.845,5831.845,112,0.0,True
^SPX,2024-10-29,5843.68,5843.68,108,0.0,True
^SPX,2024-10-30,5822.215,5822.215,110,0.0,True
^SPX,2024-10-31,5725.379999999999,5725.379999999999,115,0.0,True
^SPX,2024-11-01,5734.985000000001,5734.985000000001,116,0.0,True
^SPX,2024-11-04,5714.5599999999995,5714.56,115,9.094947017729282e-13,True
^SPX,2024-11-05,5771.395,5771.395,110,0.0,True
^SPX,2024-11-06,5931.395,5931.395,112,0.0,True
^SPX,2024-11-07,5977.280000000001,5977.280000000001,114,0.0,True
^SPX,2024-11-08,5993.83,5993.83,114,0.0,True
^SPX,2024-11-11,5999.4400000000005,5999.4400000000005,59,0.0,True
^SPX,2024-11-13,5997.575000000001,5997.575000000001,54,0.0,True
^SPX,2024-11-14,5946.59,5946.59,112,0.0,True
^SPX,2024-11-15,5862.155000000001,5862.155000000001,116,0.0,True
^SPX,2024-11-18,5893.73,5893.73,113,0.0,True
^SPX,2024-11-19,5912.889999999999,5912.889999999999,110,0.0,True
^SPX,2024-11-20,5909.635,5909.635,107,0.0,True
^SPX,2024-11-21,5955.135,5955.135,109,0.0,True
^SPX,2024-11-22,5960.505,5960.505,106,0.0,True
^SPX,2024-11-25,5982.98,5982.98,108,0.0,True
^SPX,2024-11-26,6018.7,6018.7,113,0.0,True
^SPX,2024-11-27,5994.950000000001,5994.950000000001,54,0.0,True
^SPX,2024-12-02,6047.67,6047.67,57,0.0,True
^SPX,2024-12-03,6046.675,6046.675,112,0.0,True
^SPX,2024-12-04,6086.9400000000005,6086.9400000000005,111,0.0,True
^SPX,2024-12-05,6082.41,6082.41,110,0.0,True
^SPX,2024-12-06,6085.5599999999995,6085.56,106,9.094947017729282e-13,True
^SPX,2024-12-09,6051.594999999999,6051.594999999999,108,0.0,True
^SPX,2024-12-10,6034.95,6034.95,112,0.0,True
^SPX,2024-12-11,6086.6,6086.6,114,0.0,True
^SPX,2024-12-12,6058.745,6058.745,114,0.0,True
^SPX,2024-12-13,6050.98,6050.98,112,0.0,True
^SPX,2024-12-16,6076.905000000001,6076.905000000001,113,0.0,True
^SPX,2024-12-17,6046.415,6046.415,111,0.0,True
^SPX,2024-12-18,5875.255,5875.255,112,0.0,True
^SPX,2024-12-19,5890.455,5890.455,116,0.0,True
^SPX,2024-12-20,5940.125,5940.125,116,0.0,True
^SPX,2024-12-23,5968.025,5968.025,58,0.0,True
^SPX,2024-12-26,6042.67,6042.67,56,0.0,True
^SPX,2024-12-27,5950.299999999999,5950.299999999999,114,0.0,True
^SPX,2024-12-30,5921.52,5921.52,116,0.0,True
^SPX,2024-12-31,5886.595,5886.595,110,0.0,True
^SPX,2025-01-02,5864.04,5864.04,52,0.0,True
