model,bucket,n_contracts,contract_share_pct,pnl_mid,pnl_exec,pnl_mid_share_of_total,pnl_exec_share_of_total,entry_spread_cost,exit_spread_cost,interpretation
arima,spread_le_10,7067,90.54452274183215,-83.2176884920635,-539.7647619047619,0.9997184384555029,0.9854416652702332,224.6797916666667,231.86728174603178,ex-post quote-quality PnL contribution; unchanged entry weights; not investable subset returns
arima,spread_10_to_20,521,6.675208199871877,0.4465625000000003,-5.1691666666666665,-0.005364685961150707,0.009437281881988007,2.4427083333333335,3.1730208333333336,ex-post quote-quality PnL contribution; unchanged entry weights; not investable subset returns
arima,spread_gt_20,217,2.780269058295964,-0.4699999999999992,-2.8049999999999997,0.005646247505647756,0.005121052847778758,0.7075000000000001,1.6275,ex-post quote-quality PnL contribution; unchanged entry weights; not investable subset returns
arima,zero_volume_raw_recovered,2842,36.412556053811656,-16.258635912698406,-246.464126984127,0.19531974993044376,0.44996642401688736,112.7135615079365,117.49192956349208,ex-post quote-quality PnL contribution; unchanged entry weights; not investable subset returns
arima,positive_volume_chosen_quote,4963,63.587443946188344,-66.98249007936508,-301.2748015873016,0.804680250069556,0.5500335759831128,115.11643849206351,119.17587301587304,ex-post quote-quality PnL contribution; unchanged entry weights; not investable subset returns
arima,STRICT_20,7588,97.21973094170404,-82.77112599206349,-544.9339285714286,0.9943537524943521,0.9948789471522214,227.1225,235.04030257936512,ex-post quote-quality PnL contribution; unchanged entry weights; not investable subset returns
arima,STRICT_10,7067,90.54452274183215,-83.2176884920635,-539.7647619047619,0.9997184384555029,0.9854416652702332,224.6797916666667,231.86728174603178,ex-post quote-quality PnL contribution; unchanged entry weights; not investable subset returns
arima,POSITIVE_VOLUME,4963,63.587443946188344,-66.98249007936508,-301.2748015873016,0.804680250069556,0.5500335759831128,115.11643849206351,119.17587301587304,ex-post quote-quality PnL contribution; unchanged entry weights; not investable subset returns
ridge,spread_le_10,6422,87.23173050801412,-56.12250000000004,-589.0325000000001,1.0020532964335134,0.9710353979747858,268.1575,264.75250000000005,ex-post quote-quality PnL contribution; unchanged entry weights; not investable subset returns
ridge,spread_10_to_20,663,9.005704971475142,-0.46500000000000064,-7.644999999999999,0.008302459492032323,0.012602981359292116,3.2212499999999995,3.95875,ex-post quote-quality PnL contribution; unchanged entry weights; not investable subset returns
ridge,spread_gt_20,277,3.7625645205107308,0.5800000000000026,-9.924999999999997,-0.010355755925545725,0.01636162066592207,1.2737499999999993,9.231250000000001,ex-post quote-quality PnL contribution; unchanged entry weights; not investable subset returns
ridge,zero_volume_raw_recovered,3037,41.252377071447974,-100.19875000000009,-399.5475000000001,1.7890237914565015,0.6586644466516376,147.00500000000005,152.34375,ex-post quote-quality PnL contribution; unchanged entry weights; not investable subset returns
ridge,positive_volume_chosen_quote,4325,58.747622928552026,44.19125000000004,-207.05500000000006,-0.7890237914565015,0.3413355533483624,125.64750000000002,125.59875000000002,ex-post quote-quality PnL contribution; unchanged entry weights; not investable subset returns
ridge,STRICT_20,7085,96.23743547948926,-56.58750000000006,-596.6775,1.010355755925546,0.9836383793340776,271.37875,268.71125000000006,ex-post quote-quality PnL contribution; unchanged entry weights; not investable subset returns
ridge,STRICT_10,6422,87.23173050801412,-56.12250000000004,-589.0325000000001,1.0020532964335134,0.9710353979747858,268.1575,264.75250000000005,ex-post quote-quality PnL contribution; unchanged entry weights; not investable subset returns
ridge,POSITIVE_VOLUME,4325,58.747622928552026,44.19125000000004,-207.05500000000006,-0.7890237914565015,0.3413355533483624,125.64750000000002,125.59875000000002,ex-post quote-quality PnL contribution; unchanged entry weights; not investable subset returns
xgboost,spread_le_10,7054,92.36611234778054,-140.65124999999995,-766.3675000000001,0.9933611716825724,0.9879816679343553,310.53625,315.18,ex-post quote-quality PnL contribution; unchanged entry weights; not investable subset returns
xgboost,spread_10_to_20,412,5.394788529527301,0.020000000000001072,-7.132500000000004,-0.00014125166632825888,0.00919503925537264,2.4437500000000005,4.70875,ex-post quote-quality PnL contribution; unchanged entry weights; not investable subset returns
xgboost,spread_gt_20,171,2.2390991226921564,-0.96,-2.1900000000000004,0.006780079983756062,0.002823292810272145,0.5075,0.7224999999999999,ex-post quote-quality PnL contribution; unchanged entry weights; not investable subset returns
xgboost,zero_volume_raw_recovered,3224,42.215529658242765,-21.020000000000064,-363.4675,0.14845550131099255,0.46857314133223316,169.45749999999998,172.99,ex-post quote-quality PnL contribution; unchanged entry weights; not investable subset returns
xgboost,positive_volume_chosen_quote,4413,57.784470341757235,-120.5712499999999,-412.22249999999997,0.8515444986890078,0.5314268586677667,144.02999999999997,147.62124999999997,ex-post quote-quality PnL contribution; unchanged entry weights; not investable subset returns
xgboost,STRICT_20,7466,97.76090087730785,-140.63124999999997,-773.5,0.9932199200162443,0.9971767071897278,312.97999999999996,319.88874999999996,ex-post quote-quality PnL contribution; unchanged entry weights; not investable subset returns
xgboost,STRICT_10,7054,92.36611234778054,-140.65124999999995,-766.3675000000001,0.9933611716825724,0.9879816679343553,310.53625,315.18,ex-post quote-quality PnL contribution; unchanged entry weights; not investable subset returns
xgboost,POSITIVE_VOLUME,4413,57.784470341757235,-120.5712499999999,-412.22249999999997,0.8515444986890078,0.5314268586677667,144.02999999999997,147.62124999999997,ex-post quote-quality PnL contribution; unchanged entry weights; not investable subset returns
