model,portfolio_state,implementation,bootstrap_mean_CI_low,bootstrap_mean_CI_high,bootstrap_sharpe_CI_low,bootstrap_sharpe_CI_high,bootstrap_block_length,bootstrap_repetitions,bootstrap_seed
arima,DELTA_NEUTRAL,MID,-0.00021265334261965225,0.0009020785309842738,-0.47418947862001815,2.264844721107577,5,4000,42
arima,DELTA_NEUTRAL,MID,-0.00017727041724345652,0.0008897899415827,-0.4004243666321651,2.243966409895486,10,4000,42
arima,DELTA_NEUTRAL,BID_ASK,-0.010767542686801428,-0.009302489364960895,-25.252223462146553,-17.99115204232146,5,4000,42
arima,DELTA_NEUTRAL,BID_ASK,-0.010770186783982146,-0.00929608956004195,-25.357452744758593,-17.861634674699367,10,4000,42
arima,ORIGINAL,MID,-0.004552194756676762,0.0021477882861361424,-2.199486284707804,0.9725093010268719,5,4000,42
arima,ORIGINAL,MID,-0.004447908690660254,0.002324262245398409,-2.1874649403235735,0.9879241891905378,10,4000,42
arima,ORIGINAL,BID_ASK,-0.014853271446274456,-0.008210542765457553,-7.3840435324518445,-3.555532877114329,5,4000,42
arima,ORIGINAL,BID_ASK,-0.014737995904231034,-0.008204852211872424,-7.4945221079110125,-3.461965339918339,10,4000,42
arima,VEGA_BALANCED,MID,-0.0031591164620077827,0.0037946279411344964,-1.542555541983107,1.6002517168805546,5,4000,42
arima,VEGA_BALANCED,MID,-0.0029967541688834328,0.004048515724039274,-1.5110847689368345,1.6265837452348282,10,4000,42
arima,VEGA_BALANCED,BID_ASK,-0.013728007768815288,-0.006920601505256353,-7.101339957384361,-2.7307295219530574,5,4000,42
arima,VEGA_BALANCED,BID_ASK,-0.013534479036384661,-0.006877618663792574,-7.220654148367798,-2.654890401456423,10,4000,42
arima,VEGA_BALANCED_DELTA_NEUTRAL,MID,-0.0003000777249716733,0.0009719019564764801,-0.8076491162290258,2.386158973485663,5,4000,42
arima,VEGA_BALANCED_DELTA_NEUTRAL,MID,-0.0003274529308723264,0.0010482996357639364,-0.9288386427010168,2.430143631719433,10,4000,42
arima,VEGA_BALANCED_DELTA_NEUTRAL,BID_ASK,-0.011115223284850264,-0.009616442418988212,-27.86888891951419,-19.916009094659024,5,4000,42
arima,VEGA_BALANCED_DELTA_NEUTRAL,BID_ASK,-0.011184754408263674,-0.009534821921999356,-28.702538563437788,-19.535268459398537,10,4000,42
ridge,DELTA_NEUTRAL,MID,-0.000592358382649803,0.001042184206443237,-1.4367183520599047,1.742300661365958,5,4000,42
ridge,DELTA_NEUTRAL,MID,-0.0005913347804361919,0.0010591623029120114,-1.449667470958733,1.738598429314886,10,4000,42
ridge,DELTA_NEUTRAL,BID_ASK,-0.011984344461024867,-0.01030710771365909,-25.258383311289457,-16.08826404125313,5,4000,42
ridge,DELTA_NEUTRAL,BID_ASK,-0.011953055318742656,-0.010355530956534886,-25.605473586411144,-16.188748561943154,10,4000,42
ridge,ORIGINAL,MID,-0.0046861337203826115,0.003925072189518872,-1.9584606439327499,1.4410398097745312,5,4000,42
ridge,ORIGINAL,MID,-0.004739991582163358,0.003878854289777782,-1.966275977861043,1.4498639538060454,10,4000,42
ridge,ORIGINAL,BID_ASK,-0.016011596588181517,-0.007440670661339544,-6.796345809206319,-2.6388557899720846,5,4000,42
ridge,ORIGINAL,BID_ASK,-0.01611393728708048,-0.007614113092395999,-6.698809640953485,-2.7103084505311466,10,4000,42
ridge,VEGA_BALANCED,MID,-0.005065376300037805,0.0036754677626939327,-2.119891894058723,1.3650271421841729,5,4000,42
ridge,VEGA_BALANCED,MID,-0.005185473062183513,0.003588880686583402,-2.1340676726820567,1.3497607347118683,10,4000,42
ridge,VEGA_BALANCED,BID_ASK,-0.016696669157468653,-0.00806860218378221,-7.032957669369673,-2.821300105720866,5,4000,42
ridge,VEGA_BALANCED,BID_ASK,-0.016902389539631916,-0.008069897821829755,-6.971825384678166,-2.899328328264431,10,4000,42
ridge,VEGA_BALANCED_DELTA_NEUTRAL,MID,-0.0008537061435339243,0.0004162602211030636,-2.20887248077825,0.8197738615913014,5,4000,42
ridge,VEGA_BALANCED_DELTA_NEUTRAL,MID,-0.0008380553567446205,0.0003916128078867483,-2.176381207831556,0.7485070063129976,10,4000,42
ridge,VEGA_BALANCED_DELTA_NEUTRAL,BID_ASK,-0.012671290757966452,-0.011158471148390931,-28.158561682918013,-17.734574414746238,5,4000,42
ridge,VEGA_BALANCED_DELTA_NEUTRAL,BID_ASK,-0.012652533543780759,-0.011187531666839907,-28.351322720178008,-17.77737987073416,10,4000,42
xgboost,DELTA_NEUTRAL,MID,-0.00039158051836449595,0.00041659263590316983,-1.7124019856107615,1.6179695230895563,5,4000,42
xgboost,DELTA_NEUTRAL,MID,-0.0004018307791170623,0.0004434195899017742,-1.7540269799277528,1.7212716160085544,10,4000,42
xgboost,DELTA_NEUTRAL,BID_ASK,-0.010713761514733827,-0.009623646141139496,-37.06594240855705,-30.100409684847055,5,4000,42
xgboost,DELTA_NEUTRAL,BID_ASK,-0.010727926183992535,-0.009614353178121104,-37.29582386483369,-30.02043799748732,10,4000,42
xgboost,ORIGINAL,MID,-0.006941046096076434,-0.0005895725792146489,-3.2392266919343053,-0.274541535729606,5,4000,42
xgboost,ORIGINAL,MID,-0.00660192134089521,-0.000821642142199688,-3.1853322819017027,-0.3757113111090541,10,4000,42
xgboost,ORIGINAL,BID_ASK,-0.017053499934450052,-0.010825279183672407,-8.200693459777053,-4.8355559009725875,5,4000,42
xgboost,ORIGINAL,BID_ASK,-0.016741931553632402,-0.011139779076137819,-8.199352490385664,-4.858516037490753,10,4000,42
xgboost,VEGA_BALANCED,MID,-0.006772759452254112,-0.0004750631401952567,-3.197328502702165,-0.21914142289417404,5,4000,42
xgboost,VEGA_BALANCED,MID,-0.00641388556058981,-0.0007838006081800211,-3.148421589992701,-0.34456831638354846,10,4000,42
xgboost,VEGA_BALANCED,BID_ASK,-0.017062321821079446,-0.0108947549524497,-8.290445579687997,-4.8351676150832175,5,4000,42
xgboost,VEGA_BALANCED,BID_ASK,-0.01663608958040403,-0.011210647639404053,-8.347724923740262,-4.835153096703793,10,4000,42
xgboost,VEGA_BALANCED_DELTA_NEUTRAL,MID,-0.0004606688801883148,0.00028046474734519817,-2.328215199269429,1.1026610580936045,5,4000,42
xgboost,VEGA_BALANCED_DELTA_NEUTRAL,MID,-0.0004680128745402478,0.0002790605426917486,-2.368125770396641,1.0882309611276617,10,4000,42
xgboost,VEGA_BALANCED_DELTA_NEUTRAL,BID_ASK,-0.010865658510061322,-0.00990388176853495,-41.94234143272426,-32.302444402444635,5,4000,42
xgboost,VEGA_BALANCED_DELTA_NEUTRAL,BID_ASK,-0.01088149213559808,-0.009914178668439954,-42.6367140558446,-32.087772219988196,10,4000,42
