model,transformation,target_state,reference_state,bootstrap_mean_CI_low,bootstrap_mean_CI_high,bootstrap_sharpe_CI_low,bootstrap_sharpe_CI_high,bootstrap_block_length,bootstrap_repetitions,bootstrap_seed
arima,DELTA_NEUTRAL_MINUS_ORIGINAL,DELTA_NEUTRAL,ORIGINAL,-0.0018233881546853043,0.004902554494517358,-0.839517234647244,2.4147606551427314,5,4000,42
arima,DELTA_NEUTRAL_MINUS_ORIGINAL,DELTA_NEUTRAL,ORIGINAL,-0.0019095870103616561,0.004876257831993065,-0.8463899202892547,2.419582135653963,10,4000,42
arima,VEGA_BALANCED_MINUS_ORIGINAL,VEGA_BALANCED,ORIGINAL,-5.254757915098212e-05,0.0033362441167692587,-0.04935211703638369,2.53924704522895,5,4000,42
arima,VEGA_BALANCED_MINUS_ORIGINAL,VEGA_BALANCED,ORIGINAL,-6.318580138778992e-05,0.0034426970896781726,-0.05575201465382338,2.5746062991879297,10,4000,42
arima,VEGA_BALANCED_DELTA_NEUTRAL_MINUS_ORIGINAL,VEGA_BALANCED_DELTA_NEUTRAL,ORIGINAL,-0.0018665077768069832,0.004801415344699514,-0.8672139933456573,2.2713463026781024,5,4000,42
arima,VEGA_BALANCED_DELTA_NEUTRAL_MINUS_ORIGINAL,VEGA_BALANCED_DELTA_NEUTRAL,ORIGINAL,-0.0018755647627515342,0.0047416755593825384,-0.8309540581305965,2.2591707052252175,10,4000,42
arima,VEGA_BALANCED_DELTA_NEUTRAL_MINUS_DELTA_NEUTRAL,VEGA_BALANCED_DELTA_NEUTRAL,DELTA_NEUTRAL,-0.0007029678028803829,0.0006776808906577905,-1.562544006436673,1.3144746488473404,5,4000,42
arima,VEGA_BALANCED_DELTA_NEUTRAL_MINUS_DELTA_NEUTRAL,VEGA_BALANCED_DELTA_NEUTRAL,DELTA_NEUTRAL,-0.0006832955130641211,0.0006601992083139973,-1.6018510225190696,1.2367689133582995,10,4000,42
ridge,DELTA_NEUTRAL_MINUS_ORIGINAL,DELTA_NEUTRAL,ORIGINAL,-0.003572817129330948,0.00464595090527861,-1.382952113001711,2.0402747106987356,5,4000,42
ridge,DELTA_NEUTRAL_MINUS_ORIGINAL,DELTA_NEUTRAL,ORIGINAL,-0.0034626622360992487,0.004768980736984363,-1.351402547858711,2.027783854117562,10,4000,42
ridge,VEGA_BALANCED_MINUS_ORIGINAL,VEGA_BALANCED,ORIGINAL,-0.0012486949549323006,0.0006567083005389341,-2.0622546643243815,1.0313877804674472,5,4000,42
ridge,VEGA_BALANCED_MINUS_ORIGINAL,VEGA_BALANCED,ORIGINAL,-0.0012946727806834861,0.0006957699424237275,-2.124795531141733,1.0737440629622699,10,4000,42
ridge,VEGA_BALANCED_DELTA_NEUTRAL_MINUS_ORIGINAL,VEGA_BALANCED_DELTA_NEUTRAL,ORIGINAL,-0.004040296593437437,0.004262622102232757,-1.5453984980078712,1.8170778537823333,5,4000,42
ridge,VEGA_BALANCED_DELTA_NEUTRAL_MINUS_ORIGINAL,VEGA_BALANCED_DELTA_NEUTRAL,ORIGINAL,-0.003900291207586721,0.004393232915908603,-1.525785051841551,1.8765774278761242,10,4000,42
ridge,VEGA_BALANCED_DELTA_NEUTRAL_MINUS_DELTA_NEUTRAL,VEGA_BALANCED_DELTA_NEUTRAL,DELTA_NEUTRAL,-0.0009364774716591038,3.729195023836764e-05,-2.4336570951228684,0.12546834842260068,5,4000,42
ridge,VEGA_BALANCED_DELTA_NEUTRAL_MINUS_DELTA_NEUTRAL,VEGA_BALANCED_DELTA_NEUTRAL,DELTA_NEUTRAL,-0.0009581121578206969,6.11905692145308e-05,-2.5146401384827928,0.21427926465323843,10,4000,42
xgboost,DELTA_NEUTRAL_MINUS_ORIGINAL,DELTA_NEUTRAL,ORIGINAL,0.0007074836647552723,0.006808046292089534,0.3256678949798041,3.2461505634582504,5,4000,42
xgboost,DELTA_NEUTRAL_MINUS_ORIGINAL,DELTA_NEUTRAL,ORIGINAL,0.001020902991038642,0.0064705599611297295,0.4540966601826142,3.201665056484944,10,4000,42
xgboost,VEGA_BALANCED_MINUS_ORIGINAL,VEGA_BALANCED,ORIGINAL,-0.000382693958459049,0.000545641412948395,-1.1167493683807888,1.8004504989390002,5,4000,42
xgboost,VEGA_BALANCED_MINUS_ORIGINAL,VEGA_BALANCED,ORIGINAL,-0.00038606662143829813,0.0005591887772450965,-1.1835343607915214,1.7593333082325635,10,4000,42
xgboost,VEGA_BALANCED_DELTA_NEUTRAL_MINUS_ORIGINAL,VEGA_BALANCED_DELTA_NEUTRAL,ORIGINAL,0.0006565847642354078,0.006647289959040072,0.3007114695486023,3.1764140945043176,5,4000,42
xgboost,VEGA_BALANCED_DELTA_NEUTRAL_MINUS_ORIGINAL,VEGA_BALANCED_DELTA_NEUTRAL,ORIGINAL,0.0008982822345536122,0.006401514058266578,0.422793287552649,3.1204282655154563,10,4000,42
xgboost,VEGA_BALANCED_DELTA_NEUTRAL_MINUS_DELTA_NEUTRAL,VEGA_BALANCED_DELTA_NEUTRAL,DELTA_NEUTRAL,-0.0003693876415274172,0.00013719605124572407,-2.3873943293784503,0.893631560609277,5,4000,42
xgboost,VEGA_BALANCED_DELTA_NEUTRAL_MINUS_DELTA_NEUTRAL,VEGA_BALANCED_DELTA_NEUTRAL,DELTA_NEUTRAL,-0.00033744590282973677,0.00013367598027017342,-2.3133686455838216,0.8455082385357231,10,4000,42
