level,model,source,n,mean_relative_spread,median_relative_spread,q90_relative_spread,max_relative_spread,n_spread_gt_20,n_spread_gt_10,n_raw_volume_observed,n_raw_zero_volume,n_raw_zero_OI,n_calendar_rejected
unique_required_pairs,ALL,PROCESSED_1545,11428,0.026401217943466792,0.012526096033402951,0.06593406593406588,0.19704433497536944,0,615,0,0,0,0
unique_required_pairs,ALL,RAW_1545_RECOVERED,7963,0.0390781268527462,0.012195121951219513,0.11764705882352937,1.2941176470588234,421,912,7963,7577,14,0
unique_required_pairs,ALL,NO_VALID_1545_QUOTE,239,,,,,0,0,126,125,0,239
active_net_contracts,arima,PROCESSED_1545,4780,0.03080137235439988,0.014471780028943561,0.07547169811320761,0.19704433497536944,0,306,0,0,0,0
active_net_contracts,arima,RAW_1545_RECOVERED,3025,0.04771716179489286,0.013384994716449496,0.15384615384615383,0.6666666666666667,217,432,3025,2842,6,0
active_net_contracts,arima,NO_VALID_1545_QUOTE,97,,,,,0,0,51,50,0,97
active_net_contracts,ridge,PROCESSED_1545,4115,0.030289820805780607,0.012965964343598124,0.09230769230769226,0.19607843137254904,0,368,0,0,0,0
active_net_contracts,ridge,RAW_1545_RECOVERED,3247,0.05108108596336688,0.013225569434239614,0.17391304347826084,1.2941176470588234,277,572,3247,3037,9,0
active_net_contracts,ridge,NO_VALID_1545_QUOTE,89,,,,,0,0,50,50,0,89
active_net_contracts,xgboost,PROCESSED_1545,4258,0.02360341933568839,0.011207116131185645,0.05940594059405936,0.19607843137254904,0,214,0,0,0,0
active_net_contracts,xgboost,RAW_1545_RECOVERED,3379,0.03559300489166456,0.011226944667201328,0.11111111111111109,1.0769230769230769,171,369,3379,3224,3,0
active_net_contracts,xgboost,NO_VALID_1545_QUOTE,94,,,,,0,0,54,53,0,94
