model,portfolio_state,signal,n_common_dates,pearson,spearman
arima,ORIGINAL,top_minus_bottom,403,-0.05548507245559449,0.014822149968042988
arima,DELTA_NEUTRAL,top_minus_bottom,403,0.10468231203316486,0.01883171910391291
arima,VEGA_BALANCED,top_minus_bottom,403,-0.08487638654444346,0.03138992651903982
arima,VEGA_BALANCED_DELTA_NEUTRAL,top_minus_bottom,403,0.00098161269358988,-0.06356860270301687
arima,ORIGINAL,predicted_cross_sectional_dispersion,408,0.05907258607662995,0.026400673387585512
arima,DELTA_NEUTRAL,predicted_cross_sectional_dispersion,408,0.12003808024435116,0.07947411737142789
arima,VEGA_BALANCED,predicted_cross_sectional_dispersion,408,0.05295236227589086,0.04211075345837319
arima,VEGA_BALANCED_DELTA_NEUTRAL,predicted_cross_sectional_dispersion,408,-0.02885231904448704,0.011307935944783349
ridge,ORIGINAL,top_minus_bottom,403,0.1952282258383444,0.11377356394207622
ridge,DELTA_NEUTRAL,top_minus_bottom,403,0.13083716468929715,0.12800461002361113
ridge,VEGA_BALANCED,top_minus_bottom,403,0.20666855248484187,0.12283941812202774
ridge,VEGA_BALANCED_DELTA_NEUTRAL,top_minus_bottom,403,0.14258665279477367,0.04874736945936362
ridge,ORIGINAL,predicted_cross_sectional_dispersion,408,-0.16090535753200205,-0.11740340814121915
ridge,DELTA_NEUTRAL,predicted_cross_sectional_dispersion,408,-0.0031529719698545075,-0.005285929994688804
ridge,VEGA_BALANCED,predicted_cross_sectional_dispersion,408,-0.14466187968626754,-0.09712651212723122
ridge,VEGA_BALANCED_DELTA_NEUTRAL,predicted_cross_sectional_dispersion,408,-0.032314941893994364,-0.05955536489119115
xgboost,ORIGINAL,top_minus_bottom,403,0.14315011498292715,0.12640437592887097
xgboost,DELTA_NEUTRAL,top_minus_bottom,403,0.1377723872395005,0.13358562810838323
xgboost,VEGA_BALANCED,top_minus_bottom,403,0.14816277141638484,0.12560370884686703
xgboost,VEGA_BALANCED_DELTA_NEUTRAL,top_minus_bottom,403,0.16472088405045246,0.14886467351227547
xgboost,ORIGINAL,predicted_cross_sectional_dispersion,408,0.006189527475036468,-0.04645229411517345
xgboost,DELTA_NEUTRAL,predicted_cross_sectional_dispersion,408,-0.007608498457128104,-0.046301403844910244
xgboost,VEGA_BALANCED,predicted_cross_sectional_dispersion,408,-0.010715906845138753,-0.054327388068219365
xgboost,VEGA_BALANCED_DELTA_NEUTRAL,predicted_cross_sectional_dispersion,408,-0.06509955194374478,-0.031238703106961415
