level,model,category,count,n_recovered,percent
unique_required_pairs,ALL,NONPOSITIVE_VOLUME_ONLY,7280,7963,91.42283059148562
unique_required_pairs,ALL,SPREAD_FILTER_ONLY,226,7963,2.8381263342961196
unique_required_pairs,ALL,RATE_OR_IV_INPUT_RELATED,103,7963,1.2934823558960191
unique_required_pairs,ALL,MONEYNESS_OR_T_FILTER,34,7963,0.4269747582569383
unique_required_pairs,ALL,MULTIPLE_REASONS,301,7963,3.7799824186864246
unique_required_pairs,ALL,NO_OBSERVABLE_REASON,18,7963,0.22604546025367322
unique_required_pairs,ALL,NONPOSITIVE_OPEN_INTEREST_ONLY,1,7963,0.012558081125204068
unique_required_pairs,ALL,OTHER_OBSERVABLE_REASON,0,7963,0.0
active_net_contracts,arima,NONPOSITIVE_VOLUME_ONLY,2706,3025,89.45454545454545
active_net_contracts,arima,SPREAD_FILTER_ONLY,115,3025,3.8016528925619837
active_net_contracts,arima,RATE_OR_IV_INPUT_RELATED,45,3025,1.487603305785124
active_net_contracts,arima,MONEYNESS_OR_T_FILTER,12,3025,0.39669421487603307
active_net_contracts,arima,MULTIPLE_REASONS,138,3025,4.56198347107438
active_net_contracts,arima,NO_OBSERVABLE_REASON,8,3025,0.2644628099173554
active_net_contracts,arima,NONPOSITIVE_OPEN_INTEREST_ONLY,1,3025,0.03305785123966942
active_net_contracts,arima,OTHER_OBSERVABLE_REASON,0,3025,0.0
active_net_contracts,ridge,NONPOSITIVE_VOLUME_ONLY,2853,3247,87.8657222051124
active_net_contracts,ridge,SPREAD_FILTER_ONLY,138,3247,4.250076994148444
active_net_contracts,ridge,RATE_OR_IV_INPUT_RELATED,38,3247,1.1703110563597166
active_net_contracts,ridge,MONEYNESS_OR_T_FILTER,17,3247,0.5235602094240838
active_net_contracts,ridge,MULTIPLE_REASONS,188,3247,5.789959963042809
active_net_contracts,ridge,NO_OBSERVABLE_REASON,13,3247,0.40036957191253464
active_net_contracts,ridge,NONPOSITIVE_OPEN_INTEREST_ONLY,0,3247,0.0
active_net_contracts,ridge,OTHER_OBSERVABLE_REASON,0,3247,0.0
active_net_contracts,xgboost,NONPOSITIVE_VOLUME_ONLY,3101,3379,91.772713820657
active_net_contracts,xgboost,SPREAD_FILTER_ONLY,90,3379,2.663509914175792
active_net_contracts,xgboost,RATE_OR_IV_INPUT_RELATED,36,3379,1.0654039656703167
active_net_contracts,xgboost,MONEYNESS_OR_T_FILTER,17,3379,0.5031074282332051
active_net_contracts,xgboost,MULTIPLE_REASONS,124,3379,3.669724770642202
active_net_contracts,xgboost,NO_OBSERVABLE_REASON,11,3379,0.32554010062148564
active_net_contracts,xgboost,NONPOSITIVE_OPEN_INTEREST_ONLY,0,3379,0.0
active_net_contracts,xgboost,OTHER_OBSERVABLE_REASON,0,3379,0.0
