decision_date,n_common_candidates
2023-04-21,393
2023-04-24,392
2023-04-25,391
2023-04-26,398
2023-04-27,387
2023-04-28,387
2023-05-01,393
2023-05-02,397
2023-05-03,393
2023-05-04,388
2023-05-05,396
2023-05-08,373
2023-05-09,373
2023-05-10,375
2023-05-11,365
2023-05-12,366
2023-05-15,365
2023-05-16,367
2023-05-17,365
2023-05-18,389
2023-05-19,400
2023-05-22,389
2023-05-23,390
2023-05-24,384
2023-05-25,387
2023-05-26,390
2023-05-30,391
2023-05-31,389
2023-06-01,384
2023-06-02,392
2023-06-05,367
2023-06-06,368
2023-06-07,363
2023-06-08,360
2023-06-09,369
2023-06-12,366
2023-06-13,359
2023-06-14,359
2023-06-15,367
2023-06-16,367
2023-06-20,367
2023-06-21,361
2023-06-22,386
2023-06-23,395
2023-06-26,394
2023-06-27,399
2023-06-28,391
2023-06-29,387
2023-06-30,388
2023-07-03,389
2023-07-05,388
2023-07-06,389
2023-07-07,391
2023-07-10,391
2023-07-11,393
2023-07-12,391
2023-07-13,390
2023-07-14,380
2023-07-17,365
2023-07-18,367
2023-07-19,371
2023-07-20,385
2023-07-21,397
2023-07-24,383
2023-07-25,392
2023-07-26,386
2023-07-27,388
2023-07-28,380
2023-07-31,386
2023-08-01,393
2023-08-02,388
2023-08-03,374
2023-08-04,379
2023-08-07,369
2023-08-08,363
2023-08-09,364
2023-08-10,364
2023-08-11,361
2023-08-14,357
2023-08-15,367
2023-08-16,367
2023-08-17,388
2023-08-18,392
2023-08-21,382
2023-08-22,391
2023-08-23,392
2023-08-24,386
2023-08-25,389
2023-08-28,383
2023-08-29,394
2023-08-30,388
2023-08-31,391
2023-09-01,385
2023-09-05,368
2023-09-06,364
2023-09-07,366
2023-09-08,362
2023-09-11,370
2023-09-12,367
2023-09-13,365
2023-09-14,352
2023-09-15,368
2023-09-18,367
2023-09-19,370
2023-09-20,360
2023-09-21,393
2023-09-22,398
2023-09-25,395
2023-09-26,397
2023-09-27,400
2023-09-28,397
2023-09-29,398
2023-10-02,398
2023-10-03,396
2023-10-04,397
2023-10-05,397
2023-10-06,397
2023-10-09,0
2023-10-10,396
2023-10-11,387
2023-10-12,391
2023-10-13,399
2023-10-16,393
2023-10-17,393
2023-10-18,397
2023-10-19,398
2023-10-20,400
2023-10-23,397
2023-10-24,397
2023-10-25,395
2023-10-26,398
2023-10-27,398
2023-10-30,394
2023-10-31,396
2023-11-01,0
2023-11-02,397
2023-11-03,396
2023-11-06,373
2023-11-07,373
2023-11-08,369
2023-11-09,371
2023-11-10,369
2023-11-13,373
2023-11-14,373
2023-11-15,368
2023-11-16,388
2023-11-17,387
2023-11-20,394
2023-11-21,391
2023-11-22,390
2023-11-24,384
2023-11-27,390
2023-11-28,393
2023-11-29,387
2023-11-30,390
2023-12-01,389
2023-12-04,368
2023-12-05,370
2023-12-06,365
2023-12-07,367
2023-12-08,370
2023-12-11,363
2023-12-12,366
2023-12-13,372
2023-12-14,371
2023-12-15,367
2023-12-18,368
2023-12-19,373
2023-12-20,371
2023-12-21,390
2023-12-22,397
2023-12-26,389
2023-12-27,396
2023-12-28,397
2023-12-29,393
2024-01-02,396
2024-01-03,391
2024-01-04,393
2024-01-05,400
2024-01-08,393
2024-01-09,389
2024-01-10,390
2024-01-11,391
2024-01-12,391
2024-01-16,394
2024-01-17,390
2024-01-18,392
2024-01-19,390
2024-01-22,395
2024-01-23,392
2024-01-24,395
2024-01-25,397
2024-01-26,400
2024-01-29,392
2024-01-30,392
2024-01-31,394
2024-02-01,391
2024-02-02,392
2024-02-05,376
2024-02-06,367
2024-02-07,368
2024-02-08,367
2024-02-09,371
2024-02-12,371
2024-02-13,370
2024-02-14,369
2024-02-15,369
2024-02-16,366
2024-02-20,370
2024-02-21,371
2024-02-22,398
2024-02-23,393
2024-02-26,392
2024-02-27,396
2024-02-28,396
2024-02-29,393
2024-03-01,387
2024-03-04,397
2024-03-05,386
2024-03-06,385
2024-03-07,384
2024-03-08,385
2024-03-11,369
2024-03-12,370
2024-03-13,366
2024-03-14,367
2024-03-15,369
2024-03-18,368
2024-03-19,364
2024-03-20,371
2024-03-21,392
2024-03-22,391
2024-03-25,394
2024-03-26,391
2024-03-27,388
2024-03-28,394
2024-04-01,393
2024-04-02,394
2024-04-03,384
2024-04-04,393
2024-04-05,396
2024-04-08,397
2024-04-09,390
2024-04-10,387
2024-04-11,388
2024-04-12,390
2024-04-15,391
2024-04-16,386
2024-04-17,398
2024-04-18,395
2024-04-19,394
2024-04-22,396
2024-04-23,389
2024-04-24,393
2024-04-25,395
2024-04-26,394
2024-04-29,389
2024-04-30,392
2024-05-01,392
2024-05-02,390
2024-05-03,386
2024-05-06,371
2024-05-07,365
2024-05-08,368
2024-05-09,366
2024-05-10,371
2024-05-13,366
2024-05-14,361
2024-05-15,367
2024-05-16,386
2024-05-17,388
2024-05-20,390
2024-05-21,386
2024-05-22,390
2024-05-23,400
2024-05-24,382
2024-05-28,390
2024-05-29,390
2024-05-30,382
2024-05-31,394
2024-06-03,372
2024-06-04,367
2024-06-05,376
2024-06-06,369
2024-06-07,369
2024-06-10,371
2024-06-11,364
2024-06-12,367
2024-06-13,367
2024-06-14,363
2024-06-17,371
2024-06-18,365
2024-06-20,397
2024-06-21,393
2024-06-24,396
2024-06-25,394
2024-06-26,392
2024-06-27,394
2024-06-28,388
2024-07-01,392
2024-07-02,394
2024-07-03,394
2024-07-05,397
2024-07-08,399
2024-07-09,390
2024-07-10,390
2024-07-11,388
2024-07-12,392
2024-07-15,383
2024-07-16,391
2024-07-17,389
2024-07-18,394
2024-07-19,395
2024-07-22,394
2024-07-23,393
2024-07-24,396
2024-07-25,395
2024-07-26,393
2024-07-29,396
2024-07-30,394
2024-07-31,390
2024-08-01,395
2024-08-02,393
2024-08-05,377
2024-08-06,373
2024-08-07,377
2024-08-08,370
2024-08-09,372
2024-08-12,369
2024-08-13,367
2024-08-14,377
2024-08-15,393
2024-08-16,395
2024-08-19,394
2024-08-20,395
2024-08-21,397
2024-08-22,392
2024-08-23,391
2024-08-26,394
2024-08-27,386
2024-08-28,394
2024-08-29,390
2024-08-30,389
2024-09-03,370
2024-09-04,371
2024-09-05,371
2024-09-06,376
2024-09-09,365
2024-09-10,370
2024-09-11,373
2024-09-12,363
2024-09-13,363
2024-09-16,362
2024-09-17,370
2024-09-18,363
2024-09-19,396
2024-09-20,391
2024-09-23,392
2024-09-24,387
2024-09-25,390
2024-09-26,396
2024-09-27,391
2024-09-30,390
2024-10-01,391
2024-10-02,392
2024-10-03,391
2024-10-04,392
2024-10-07,399
2024-10-08,395
2024-10-09,394
2024-10-10,396
2024-10-11,396
2024-10-14,0
2024-10-15,394
2024-10-16,397
2024-10-17,392
2024-10-18,395
2024-10-21,387
2024-10-22,394
2024-10-23,395
2024-10-24,388
2024-10-25,399
2024-10-28,394
2024-10-29,393
2024-10-30,393
2024-10-31,391
2024-11-01,391
2024-11-04,373
2024-11-05,366
2024-11-06,375
2024-11-07,376
2024-11-08,373
2024-11-11,0
2024-11-12,369
2024-11-13,365
2024-11-14,359
2024-11-15,363
2024-11-18,361
2024-11-19,357
2024-11-20,361
2024-11-21,389
2024-11-22,388
2024-11-25,391
2024-11-26,388
2024-11-27,382
2024-11-29,384
2024-12-02,383
2024-12-03,388
2024-12-04,388
2024-12-05,391
2024-12-06,372
2024-12-09,365
2024-12-10,368
2024-12-11,369
2024-12-12,364
2024-12-13,360
2024-12-16,370
2024-12-17,364
2024-12-18,366
2024-12-19,390
2024-12-20,389
2024-12-23,390
2024-12-24,384
2024-12-26,391
2024-12-27,389
2024-12-30,396
2024-12-31,390
