loss,model_a,model_b,mean_loss_differential,DM_t_statistic,p_value,n_dates,hac_lag,lower_loss_model,significant_5pct
SE,persistence,arima,3.8198717237694986e-05,6.8211125961001535,3.1883294749625715e-11,418,5,arima,True
SE,persistence,ridge,3.523540128279497e-05,5.8032493863002985,1.2887243615161e-08,418,5,ridge,True
SE,persistence,xgboost,2.9083671149872785e-05,3.8580688692373157,0.00013237077122615735,418,5,xgboost,True
SE,arima,ridge,-2.9633159549000074e-06,-2.75140227386779,0.006192747128164397,418,5,arima,True
SE,arima,xgboost,-9.115046087822193e-06,-3.527376610642133,0.0004663279036184313,418,5,arima,True
SE,ridge,xgboost,-6.151730132922186e-06,-2.93862835927546,0.0034797735238437733,418,5,ridge,True
AE,persistence,arima,0.0007543561449809556,5.697171215459801,2.304648798046624e-08,418,5,arima,True
AE,persistence,ridge,0.00054577321750423,3.622101292230307,0.0003282270827623653,418,5,ridge,True
AE,persistence,xgboost,0.00028104692490938836,1.4322419765009518,0.15282373512030314,418,5,xgboost,False
AE,arima,ridge,-0.00020858292747672556,-4.585188821007825,6.004829378291294e-06,418,5,arima,True
AE,arima,xgboost,-0.00047330922007156724,-4.903557381177644,1.3509218689431208e-06,418,5,arima,True
AE,ridge,xgboost,-0.0002647262925948417,-3.42307270217987,0.0006804120364363445,418,5,ridge,True
QLIKE,persistence,arima,0.0037042444466726466,6.866541755491292,2.397129308290095e-11,418,5,arima,True
QLIKE,persistence,ridge,0.0035830282308874227,6.232073076581961,1.127498887236672e-09,418,5,ridge,True
QLIKE,persistence,xgboost,0.0032752557774983265,4.6346851254850066,4.787776121986341e-06,418,5,xgboost,True
QLIKE,arima,ridge,-0.00012121621578522377,-1.2610938534951524,0.20798010333844402,418,5,arima,False
QLIKE,arima,xgboost,-0.0004289886691743201,-1.9526159913796337,0.05153378222422504,418,5,arima,False
QLIKE,ridge,xgboost,-0.0003077724533890964,-1.7590331615756327,0.07930524842503565,418,5,ridge,False
