model,component,units,mean,median,HAC_standard_error,HAC_t_stat,raw_p,HAC_lag,n_days,holm_adjusted_p,holm_reject_5pct,BH_adjusted_p,BH_reject_5pct,family_size
arima,Delta_component,weighted quoted option price,-0.20446440534053173,-0.052371941082356196,0.19860250384752928,-1.0295157481876596,0.30323738339986805,5,408,1.0,False,0.4043165111998241,False,12
arima,Gamma_component,weighted quoted option price,-0.012404738754804042,-0.00020086872544184244,0.007620959801176442,-1.6277134479687352,0.10358566025405759,5,408,0.8286852820324607,False,0.21048551826570908,False,12
arima,Theta_component,weighted quoted option price,0.049067328730581665,0.02980861908673979,0.008628255474140248,5.686819181193854,1.2942736741636349e-08,5,408,1.553128408996362e-07,True,1.553128408996362e-07,True,12
arima,DGT_residual,weighted quoted option price,-0.03622055226285254,0.0013848585664754179,0.0315349334958198,-1.148585021359054,0.2507271363461976,5,408,1.0,False,0.3840666229976036,False,12
ridge,Delta_component,weighted quoted option price,-0.1570580727116136,-0.06585731703712237,0.18642291349220652,-0.8424826635819066,0.3995178396641217,5,408,1.0,False,0.479421407596946,False,12
ridge,Gamma_component,weighted quoted option price,-0.020120651160650118,-0.0006921444030876481,0.0066729854454725705,-3.015239779115867,0.002567761710022733,5,408,0.023109855390204596,True,0.007703285130068198,True,12
ridge,Theta_component,weighted quoted option price,0.04066657171380138,0.05265607945647185,0.007332732773466895,5.545895775849244,2.9245300187176323e-08,5,408,3.2169830205893953e-07,True,1.7547180112305794e-07,True,12
ridge,DGT_residual,weighted quoted option price,-0.0007611321552632781,-0.022264845588020016,0.05012737734372897,-0.015183961252233698,0.9878854172550542,5,408,1.0,False,0.9878854172550543,False,12
xgboost,Delta_component,weighted quoted option price,-0.34515302429361866,0.00038717408083732284,0.21306383999658238,-1.6199512047617044,0.10524275913285454,5,408,0.8286852820324607,False,0.21048551826570908,False,12
xgboost,Gamma_component,weighted quoted option price,-0.008368964527189358,-0.0009184260729021537,0.0073684076143645015,-1.1357901143897482,0.2560444153317357,5,408,1.0,False,0.3840666229976036,False,12
xgboost,Theta_component,weighted quoted option price,0.027056731167590796,0.031198215223380954,0.004989402280884791,5.422840180926984,5.8659435766436696e-08,5,408,5.86594357664367e-07,True,2.3463774306574678e-07,True,12
xgboost,DGT_residual,weighted quoted option price,-0.020572119797763005,-0.013211543549989789,0.031232856798892178,-0.6586691678646794,0.5101082359915299,5,408,1.0,False,0.5564817119907599,False,12
