model,portfolio_state,implementation,n_days,primary_mean_daily_ratio,mean_Return_common_denom,pooled_premium_return,common_sign_matches_primary,pooled_sign_matches_primary,total_pnl,total_state_gross_premium
arima,DELTA_NEUTRAL,MID,408,0.0003639537165875908,0.0003639537165875908,3.92811260994026e-06,True,True,0.18035138687343188,45912.98793650794
arima,ORIGINAL,MID,408,-0.0011422347599463732,-0.0011422347599463732,-0.001813019141929421,True,True,-83.24112599206349,45912.98793650794
arima,VEGA_BALANCED,MID,408,0.0003812997660610211,-0.0001796824543540149,-0.00127153513576375,False,False,-45.10363330483355,35471.794711942406
arima,VEGA_BALANCED_DELTA_NEUTRAL,MID,408,0.0003221574310725092,0.00020946049471044767,8.810297546986415e-05,True,True,3.125170659378319,35471.794711942406
ridge,DELTA_NEUTRAL,MID,408,0.00017713735490014856,0.00017713735490014856,0.00016256200732555257,True,True,8.072193666338299,49656.090000000004
ridge,ORIGINAL,MID,408,-0.0004020902436368339,-0.0004020902436368339,-0.00112790797664496,True,True,-56.007500000000036,49656.090000000004
ridge,VEGA_BALANCED,MID,408,-0.0006947514611259857,-0.0005366219026698474,-0.0016677809748670005,True,True,-65.83027062251584,39471.77214188186
ridge,VEGA_BALANCED_DELTA_NEUTRAL,MID,408,-0.000241501158142406,-0.0002178623997315361,-0.00025702137631896613,True,True,-10.145089201655102,39471.77214188186
xgboost,DELTA_NEUTRAL,MID,408,2.4831839450795973e-06,2.4831839450795973e-06,-1.2304022188442625e-05,True,False,-0.768816088203506,62484.939999999995
xgboost,ORIGINAL,MID,408,-0.0037088442671862486,-0.0037088442671862486,-0.0022660060168098097,True,True,-141.59124999999995,62484.939999999995
xgboost,VEGA_BALANCED,MID,408,-0.0036071781291922914,-0.002963874241690179,-0.0018567856836798206,True,True,-100.6740050209041,54219.50734851965
xgboost,VEGA_BALANCED_DELTA_NEUTRAL,MID,408,-0.00010539563727637028,-6.164721124851076e-05,-4.746550398781908e-05,True,True,-2.5735562422687455,54219.50734851965
arima,DELTA_NEUTRAL,BID_ASK,408,-0.01002306118010521,-0.010017370136549644,-0.010117513825557053,True,True,-464.3174511924917,45892.44543650794
arima,ORIGINAL,BID_ASK,408,-0.011526246103911715,-0.01152355861308361,-0.011935274386918951,True,True,-547.7389285714287,45892.44543650794
arima,VEGA_BALANCED,BID_ASK,408,-0.010305774548988742,-0.008150028515814407,-0.011499023919671792,True,True,-407.8785109815903,35470.70723836115
arima,VEGA_BALANCED_DELTA_NEUTRAL,BID_ASK,408,-0.010363924295266025,-0.007760885566749945,-0.010139344124168505,True,True,-359.64970701737843,35470.70723836115
ridge,DELTA_NEUTRAL,BID_ASK,408,-0.011158035521046258,-0.011144496500210316,-0.010936192595766264,True,True,-542.5228063336618,49608.01500000001
ridge,ORIGINAL,BID_ASK,408,-0.011740269405572374,-0.011723724098747295,-0.012227913170885795,True,True,-606.6025000000002,49608.01500000001
ridge,VEGA_BALANCED,BID_ASK,408,-0.012358671843534513,-0.009444329697885067,-0.012855282789000054,True,True,-507.2602059159333,39459.28022291219
ridge,VEGA_BALANCED_DELTA_NEUTRAL,BID_ASK,408,-0.01190900239413546,-0.009125570194946756,-0.01144407657575223,True,True,-451.5750244950726,39459.28022291219
xgboost,DELTA_NEUTRAL,BID_ASK,408,-0.01017110223644902,-0.010166793306853283,-0.010163077235540243,True,True,-634.8675660882036,62468.045000000006
xgboost,ORIGINAL,BID_ASK,408,-0.013887681760772957,-0.013878120757984608,-0.012417388762526505,True,True,-775.69,62468.045000000006
xgboost,VEGA_BALANCED,BID_ASK,408,-0.013886926929468201,-0.011805462325592524,-0.012095690848060689,True,True,-655.870446627028,54223.4796561607
xgboost,VEGA_BALANCED_DELTA_NEUTRAL,BID_ASK,408,-0.010383195970881318,-0.008903235295150854,-0.010286503215678828,True,True,-557.7699978483926,54223.4796561607
