model,portfolio_state,bucket,partition_variable,implementation,annualized_sharpe,mean,median,HAC_standard_error,HAC_t_stat,raw_p,HAC_lag,n_days
arima,DELTA_NEUTRAL,2023,decision_year,MID,0.38411289895860823,0.00015199832325655952,0.00023980929946128748,0.000445934266626036,0.34085365183211275,0.733213758013705,5,167
arima,DELTA_NEUTRAL,2024,decision_year,MID,1.1296211868861048,0.0005108273708875169,0.0003480567058896214,0.00038206204265124263,1.3370272726982602,0.18121373469323776,5,241
arima,ORIGINAL,2023,decision_year,MID,-2.10906973423518,-0.004016838283848074,-0.00046858044786422885,0.001975044584869071,-2.0337962568649335,0.04197214210242063,5,167
arima,ORIGINAL,2023,decision_year,BID_ASK,-7.459390235858821,-0.014256603061487625,-0.0109472228624107,0.0020240273514123917,-7.043681031058788,1.872264736490318e-12,5,167
arima,ORIGINAL,2024,decision_year,MID,0.3610062241883427,0.0008497104205166308,0.00012048953175473838,0.0026015964127382094,0.3266111593466957,0.7439620021191246,5,241
arima,ORIGINAL,2024,decision_year,BID_ASK,-4.124757262235871,-0.00963425601297737,-0.009986736365764248,0.002519755635935881,-3.8234882286111223,0.00013157687622349274,5,241
arima,VEGA_BALANCED,2023,decision_year,MID,-0.692790743187056,-0.001303218408970645,-0.0011907760684814876,0.0018856471960116482,-0.6911252601902914,0.4894868272886401,5,167
arima,VEGA_BALANCED,2023,decision_year,BID_ASK,-6.281146074490683,-0.011803504317449712,-0.01075041218471558,0.0019097908563462205,-6.180521955179934,6.389000988817276e-10,5,167
arima,VEGA_BALANCED,2024,decision_year,MID,0.6304894135156841,0.0015485799952323412,-0.0011479552916869985,0.002749992167337287,0.563121602172334,0.5733520825587606,5,241
arima,VEGA_BALANCED,2024,decision_year,BID_ASK,-3.841136722694916,-0.009267928609847743,-0.010691114772223644,0.002635233195452295,-3.5169292136429156,0.0004365701909468271,5,241
arima,VEGA_BALANCED_DELTA_NEUTRAL,2023,decision_year,MID,-0.07030241172556406,-1.982961097130368e-05,0.00021235933809576386,0.00034678596999709985,-0.05718112232588128,0.9544009157544481,5,167
arima,VEGA_BALANCED_DELTA_NEUTRAL,2024,decision_year,MID,1.2385064683881846,0.0005591360037750683,0.0002916286511634219,0.0005020070009202761,1.1138012074534103,0.2653644788663818,5,241
ridge,DELTA_NEUTRAL,2023,decision_year,MID,0.6808477074550418,0.00026174543277711896,0.0004426965147462989,0.00044299149598793025,0.5908588204236099,0.5546150195430669,5,167
ridge,DELTA_NEUTRAL,2024,decision_year,MID,0.2041468043823789,0.0001185085208526214,-0.00038119223326552683,0.0006307535326091432,0.18788403825881891,0.8509675555311943,5,241
ridge,ORIGINAL,2023,decision_year,MID,-2.3072780075981196,-0.004780933337074312,-0.0011613256642016762,0.002895444576718645,-1.6511914527794047,0.09869948784319074,5,167
ridge,ORIGINAL,2023,decision_year,BID_ASK,-7.231803721123747,-0.015409157223705217,-0.011065064235391546,0.0029730674269661103,-5.182915491233782,2.1844403172757451e-07,5,167
ridge,ORIGINAL,2024,decision_year,MID,0.9174061727902855,0.0026322118169609197,-5.448670796723596e-06,0.0030198600315676704,0.8716337146243452,0.38340823194549634,5,241
ridge,ORIGINAL,2024,decision_year,BID_ASK,-3.196854692755495,-0.009197928054418079,-0.009899440466408418,0.0029613118928694033,-3.1060315114277364,0.0018961650801310186,5,241
ridge,VEGA_BALANCED,2023,decision_year,MID,-2.1296152076599943,-0.004669786078527775,-0.001976553486155981,0.003116350471564128,-1.4984791091818235,0.13400881635403375,5,167
ridge,VEGA_BALANCED,2023,decision_year,BID_ASK,-7.017531725159071,-0.015769093824908913,-0.011831755383633244,0.0032202227405482985,-4.896895368866301,9.736264534830125e-07,5,167
ridge,VEGA_BALANCED,2024,decision_year,MID,0.7256705143006662,0.0020597331077789878,-1.2669661628006438e-05,0.00303367144939199,0.6789572114646102,0.4971649738524824,5,241
ridge,VEGA_BALANCED,2024,decision_year,BID_ASK,-3.5137516026995597,-0.009995433375113251,-0.011531246255610136,0.0029728388940119775,-3.3622519522489074,0.0007730954881456899,5,241
ridge,VEGA_BALANCED_DELTA_NEUTRAL,2023,decision_year,MID,0.5014219866111859,0.00015224382795980343,-9.37745507649387e-05,0.0003348183373372617,0.45470576423790227,0.649320933385117,5,167
ridge,VEGA_BALANCED_DELTA_NEUTRAL,2024,decision_year,MID,-0.9338266152100793,-0.0005143451941551404,-0.0003870224305663482,0.0004788793912876884,-1.0740599898694452,0.28279579532373944,5,241
xgboost,DELTA_NEUTRAL,2023,decision_year,MID,-0.06348022894151864,-1.3447069145800761e-05,3.1160764461259194e-05,0.00026826437035480183,-0.05012618383878528,0.9600218342754874,5,167
xgboost,DELTA_NEUTRAL,2024,decision_year,MID,0.05181891737799224,1.3521990028801649e-05,-5.746529571142098e-05,0.0003058890381097205,0.04420553973546272,0.9647405663016192,5,241
xgboost,ORIGINAL,2023,decision_year,MID,-2.3963054510859294,-0.004595949835782296,0.00014543922646392463,0.0019392772549527463,-2.369929221850374,0.017791490764351714,5,167
xgboost,ORIGINAL,2023,decision_year,BID_ASK,-7.611586437116663,-0.0147433113224688,-0.009236671956042905,0.0020019683567417557,-7.364407770392451,1.7793502151557145e-13,5,167
xgboost,ORIGINAL,2024,decision_year,MID,-1.3515451652781327,-0.003094127960316787,4.310592562794823e-05,0.0023196450499635454,-1.3338799228638085,0.18224321239826113,5,241
xgboost,ORIGINAL,2024,decision_year,BID_ASK,-5.7596638905253466,-0.01329477662880945,-0.00945554946197921,0.002213924784563502,-6.0050715008507645,1.9124760543411005e-09,5,241
xgboost,VEGA_BALANCED,2023,decision_year,MID,-2.4912110685568467,-0.004772163078179368,1.6111195954750428e-05,0.0019001876207876845,-2.511416781149833,0.012024763388385167,5,167
xgboost,VEGA_BALANCED,2023,decision_year,BID_ASK,-7.728295147910916,-0.014969264703163346,-0.009480588402373962,0.0019604843784842845,-7.63549297686145,2.2495797102264253e-14,5,167
xgboost,VEGA_BALANCED,2024,decision_year,MID,-1.2302390992538437,-0.00279990640105602,-8.726054606269533e-06,0.002309537615848846,-1.2123233593781262,0.22538862548503413,5,241
xgboost,VEGA_BALANCED,2024,decision_year,BID_ASK,-5.733048230537093,-0.01313692523566285,-0.009543417326819757,0.0022045871894954836,-5.958904822752426,2.5393393049838176e-09,5,241
xgboost,VEGA_BALANCED_DELTA_NEUTRAL,2023,decision_year,MID,-0.5499824793292549,-9.877546540413735e-05,-0.00016806038899648518,0.0002012292647207051,-0.49086034052369165,0.6235252289761657,5,167
xgboost,VEGA_BALANCED_DELTA_NEUTRAL,2024,decision_year,MID,-0.44062556790084595,-0.0001099830592791209,-0.00012582927459757815,0.00028680096296832263,-0.3834821826984892,0.7013622785574666,5,241
