loss,model,p_value,included,confidence_level,test_size,n_dates,block_length,primary,reps,seed,method,bootstrap,arch_version
SE,persistence,0.0,False,0.95,0.05,418,5,True,2000,42,R,circular,8.0.0
SE,arima,1.0,True,0.95,0.05,418,5,True,2000,42,R,circular,8.0.0
SE,ridge,0.0085,False,0.95,0.05,418,5,True,2000,42,R,circular,8.0.0
SE,xgboost,0.001,False,0.95,0.05,418,5,True,2000,42,R,circular,8.0.0
SE,persistence,0.0,False,0.95,0.05,418,10,False,2000,42,R,circular,8.0.0
SE,arima,1.0,True,0.95,0.05,418,10,False,2000,42,R,circular,8.0.0
SE,ridge,0.0025,False,0.95,0.05,418,10,False,2000,42,R,circular,8.0.0
SE,xgboost,0.002,False,0.95,0.05,418,10,False,2000,42,R,circular,8.0.0
AE,persistence,0.0,False,0.95,0.05,418,5,True,2000,42,R,circular,8.0.0
AE,arima,1.0,True,0.95,0.05,418,5,True,2000,42,R,circular,8.0.0
AE,ridge,0.0,False,0.95,0.05,418,5,True,2000,42,R,circular,8.0.0
AE,xgboost,0.0,False,0.95,0.05,418,5,True,2000,42,R,circular,8.0.0
AE,persistence,0.0,False,0.95,0.05,418,10,False,2000,42,R,circular,8.0.0
AE,arima,1.0,True,0.95,0.05,418,10,False,2000,42,R,circular,8.0.0
AE,ridge,0.0,False,0.95,0.05,418,10,False,2000,42,R,circular,8.0.0
AE,xgboost,0.0,False,0.95,0.05,418,10,False,2000,42,R,circular,8.0.0
QLIKE,persistence,0.0,False,0.95,0.05,418,5,True,2000,42,R,circular,8.0.0
QLIKE,arima,1.0,True,0.95,0.05,418,5,True,2000,42,R,circular,8.0.0
QLIKE,ridge,0.1845,True,0.95,0.05,418,5,True,2000,42,R,circular,8.0.0
QLIKE,xgboost,0.0845,True,0.95,0.05,418,5,True,2000,42,R,circular,8.0.0
QLIKE,persistence,0.0,False,0.95,0.05,418,10,False,2000,42,R,circular,8.0.0
QLIKE,arima,1.0,True,0.95,0.05,418,10,False,2000,42,R,circular,8.0.0
QLIKE,ridge,0.1525,True,0.95,0.05,418,10,False,2000,42,R,circular,8.0.0
QLIKE,xgboost,0.0835,True,0.95,0.05,418,10,False,2000,42,R,circular,8.0.0
