model,transformation,target_state,reference_state,mean,median,HAC_standard_error,HAC_t_stat,raw_p,HAC_lag,n_days,bootstrap_mean_CI_low,bootstrap_mean_CI_high,bootstrap_sharpe_CI_low,bootstrap_sharpe_CI_high,bootstrap_block_length,bootstrap_repetitions,bootstrap_seed,holm_adjusted_p,holm_reject_5pct,BH_adjusted_p,BH_reject_5pct,family_size
arima,DELTA_NEUTRAL_MINUS_ORIGINAL,DELTA_NEUTRAL,ORIGINAL,0.0016908811047299799,0.00023921702734100062,0.0016689060753769889,1.0131673253978812,0.3109802446319718,5,408,-0.0015342334941952154,0.005062959381539409,-0.7243038915746977,2.4898494142377423,5,4000,42,1.0,False,0.5331089907976659,False,12
arima,VEGA_BALANCED_MINUS_ORIGINAL,VEGA_BALANCED,ORIGINAL,0.001154469520947508,-0.00010601609198409521,0.0007827295914682197,1.4749276551330959,0.14023199433532785,5,408,-0.00026795279567290984,0.0028285539336185494,-0.38646761916348127,2.3795443292696876,5,4000,42,1.0,False,0.42069598300598354,False,12
arima,VEGA_BALANCED_DELTA_NEUTRAL_MINUS_ORIGINAL,VEGA_BALANCED_DELTA_NEUTRAL,ORIGINAL,0.0018764257818752613,-3.299058510000628e-05,0.0017047367219539169,1.1007129474659052,0.2710216093783866,5,408,-0.0014638911291089283,0.0053182380293088465,-0.6946718091941495,2.500754353231544,5,4000,42,1.0,False,0.5331089907976659,False,12
arima,VEGA_BALANCED_DELTA_NEUTRAL_MINUS_DELTA_NEUTRAL,VEGA_BALANCED_DELTA_NEUTRAL,DELTA_NEUTRAL,0.00018554467714528174,-0.00010820008795064864,0.0002446514309006926,0.7584042180427581,0.44820903351348307,5,408,-0.00027801735594576806,0.0006695649792578558,-0.9541456772226642,1.8443294240328352,5,4000,42,1.0,False,0.6723135502702247,False,12
ridge,DELTA_NEUTRAL_MINUS_ORIGINAL,DELTA_NEUTRAL,ORIGINAL,0.0007490364839999143,0.00044127383447220754,0.002106093649095921,0.35565203110576377,0.7221011727365714,5,408,-0.0034403669338916917,0.004872258570003948,-1.3139996899394417,2.0489268529199873,5,4000,42,1.0,False,0.8665214072838857,False,12
ridge,VEGA_BALANCED_MINUS_ORIGINAL,VEGA_BALANCED,ORIGINAL,-4.246234804078331e-05,-0.00010214480917233783,0.0004888286358273315,-0.08686550854148865,0.9307784160498571,5,408,-0.0009895030125510855,0.0009212437686763608,-1.7158113315107828,1.3714678450423674,5,4000,42,1.0,False,0.9307784160498572,False,12
ridge,VEGA_BALANCED_DELTA_NEUTRAL_MINUS_ORIGINAL,VEGA_BALANCED_DELTA_NEUTRAL,ORIGINAL,0.00026056199670100534,0.0006941750875296183,0.0021173663165648476,0.12305947944035206,0.9020599980518924,5,408,-0.003972868305766358,0.004371420941893195,-1.4945364706318855,1.8054700085446282,5,4000,42,1.0,False,0.9307784160498572,False,12
ridge,VEGA_BALANCED_DELTA_NEUTRAL_MINUS_DELTA_NEUTRAL,VEGA_BALANCED_DELTA_NEUTRAL,DELTA_NEUTRAL,-0.0004884744872989086,-6.913449496192598e-05,0.0002628808377468074,-1.8581593526774307,0.06314638833589832,5,408,-0.0010229681539478362,-1.4685176285763321e-05,-2.6675128991259953,-0.04978780190573212,5,4000,42,0.6314638833589832,False,0.2525855533435933,False,12
xgboost,DELTA_NEUTRAL_MINUS_ORIGINAL,DELTA_NEUTRAL,ORIGINAL,0.00329362585956431,0.00010665242700663737,0.0015921706424331175,2.0686387324232203,0.038580000457762255,5,408,0.00013046572546926877,0.006490701402700716,0.06370070621281386,3.090519058167101,5,4000,42,0.4629600054931471,False,0.2525855533435933,False,12
xgboost,VEGA_BALANCED_MINUS_ORIGINAL,VEGA_BALANCED,ORIGINAL,0.00013858732766797364,-4.74062079050487e-06,0.0002396029882487112,0.5784040035599142,0.5629913916161189,5,408,-0.0003621919259316967,0.000586137294527457,-1.0606074851323508,2.1434094415044416,5,4000,42,1.0,False,0.7506551888214918,False,12
xgboost,VEGA_BALANCED_DELTA_NEUTRAL_MINUS_ORIGINAL,VEGA_BALANCED_DELTA_NEUTRAL,ORIGINAL,0.003138666043884353,1.6092417426564717e-05,0.0015781409675441251,1.9888375680207384,0.046719134647075736,5,408,1.660438075717879e-05,0.006339612194153782,0.007988292714597832,3.021923584132234,5,4000,42,0.5139104811178331,False,0.2525855533435933,False,12
xgboost,VEGA_BALANCED_DELTA_NEUTRAL_MINUS_DELTA_NEUTRAL,VEGA_BALANCED_DELTA_NEUTRAL,DELTA_NEUTRAL,-0.00015495981567995688,-7.342569523883564e-05,0.00012897537989741868,-1.2014681856584182,0.22956964028891702,5,408,-0.00043293489365944744,9.886992541181705e-05,-2.7744305680876495,0.664924084532666,5,4000,42,1.0,False,0.5331089907976659,False,12
