model,scope,component,n_contracts,coverage_pct,n_days,total_mid_pnl,total_component,mean_daily_component,median_daily_component,signed_share_of_mid_pnl,absolute_aggregate_component_share,n_processed,n_raw_recovered
arima,PRIMARY_DGT,Delta_component,7796,100.0,408,-95.78975694444438,-100.54038775617325,-0.24642251901022852,-0.03896064454964524,1.049594350829015,0.7260731352508003,4783,3013
arima,PRIMARY_DGT,Gamma_component,7796,100.0,408,-95.78975694444438,-9.106207003163304,-0.02231913481167477,-0.0006745294747796326,0.09506451726821556,0.06576235099733448,4783,3013
arima,PRIMARY_DGT,Theta_component,7796,100.0,408,-95.78975694444438,21.340838203512252,0.05230597598900061,0.029964305401470253,-0.2227883114463835,0.1541172622178672,4783,3013
arima,PRIMARY_DGT,DGT_residual,7796,100.0,408,-95.78975694444438,-7.484000388620078,-0.018343138207402156,-0.0007938196804990819,0.07812944334915276,0.054047251533998,4783,3013
ridge,PRIMARY_DGT,Delta_component,7337,100.0,408,-56.937500000000036,-64.09889332450771,-0.1571051306973229,-0.05068419721740443,1.1257763920879504,0.7046116909226099,4107,3230
ridge,PRIMARY_DGT,Gamma_component,7337,100.0,408,-56.937500000000036,-8.805250690826915,-0.021581496791242435,-0.0009120581603436213,0.15464765208916637,0.0967923509513833,4107,3230
ridge,PRIMARY_DGT,Theta_component,7337,100.0,408,-56.937500000000036,17.016510995724747,0.04170713479344302,0.05514079204702521,-0.29886298126410077,0.18705521990215865,4107,3230
ridge,PRIMARY_DGT,DGT_residual,7337,100.0,408,-56.937500000000036,-1.0498669803901484,-0.0025732033833091848,-0.023713151087175185,0.018438937086983933,0.01154073822384824,4107,3230
xgboost,PRIMARY_DGT,Delta_component,7615,100.0,408,-111.23749999999993,-118.14196581210241,-0.2895636416963294,-0.01476551480774304,1.0620695881523992,0.8975860666667849,4251,3364
xgboost,PRIMARY_DGT,Gamma_component,7615,100.0,408,-111.23749999999993,-3.287724330287742,-0.008058147868352307,-0.001157177844798657,0.029555899137320995,0.024978554653484215,4251,3364
xgboost,PRIMARY_DGT,Theta_component,7615,100.0,408,-111.23749999999993,9.462487618331556,0.02319237161355774,0.02619581217634511,-0.08506562641493708,0.07189144842679869,4251,3364
xgboost,PRIMARY_DGT,DGT_residual,7615,100.0,408,-111.23749999999993,0.7297025240586184,0.0017884865785750472,0.00332781155274018,-0.006559860874782504,0.005543930252932233,4251,3364
